sni_id,year,arb_tim
annan_serv,2000,
annan_serv,2001,
annan_serv,2002,
annan_serv,2003,
annan_serv,2004,
annan_serv,2005,
annan_serv,2006,
annan_serv,2007,
annan_serv,2008,98
annan_serv,2009,103
annan_serv,2010,103
annan_serv,2011,99
annan_serv,2012,105
annan_serv,2013,107
annan_serv,2014,111
annan_serv,2015,115
annan_serv,2016,114
annan_serv,2017,112
annan_serv,2018,118
annan_serv,2019,117
annan_serv,2020,115
annan_serv,2021,112
annan_serv,2022,117
annan_serv,2023,
andra_tran,2000,
andra_tran,2001,
andra_tran,2002,
andra_tran,2003,
andra_tran,2004,
andra_tran,2005,
andra_tran,2006,
andra_tran,2007,
andra_tran,2008,30
andra_tran,2009,31
andra_tran,2010,30
andra_tran,2011,30
andra_tran,2012,29
andra_tran,2013,29
andra_tran,2014,29
andra_tran,2015,30
andra_tran,2016,29
andra_tran,2017,30
andra_tran,2018,28
andra_tran,2019,29
andra_tran,2020,28
andra_tran,2021,30
andra_tran,2022,29
andra_tran,2023,
arbetsformedling_rese,2000,
arbetsformedling_rese,2001,
arbetsformedling_rese,2002,
arbetsformedling_rese,2003,
arbetsformedling_rese,2004,
arbetsformedling_rese,2005,
arbetsformedling_rese,2006,
arbetsformedling_rese,2007,
arbetsformedling_rese,2008,318
arbetsformedling_rese,2009,296
arbetsformedling_rese,2010,325
arbetsformedling_rese,2011,350
arbetsformedling_rese,2012,342
arbetsformedling_rese,2013,350
arbetsformedling_rese,2014,360
arbetsformedling_rese,2015,378
arbetsformedling_rese,2016,408
arbetsformedling_rese,2017,412
arbetsformedling_rese,2018,426
arbetsformedling_rese,2019,419
arbetsformedling_rese,2020,395
arbetsformedling_rese,2021,417
arbetsformedling_rese,2022,449
arbetsformedling_rese,2023,
arkitekt_tekn,2000,
arkitekt_tekn,2001,
arkitekt_tekn,2002,
arkitekt_tekn,2003,
arkitekt_tekn,2004,
arkitekt_tekn,2005,
arkitekt_tekn,2006,
arkitekt_tekn,2007,
arkitekt_tekn,2008,145
arkitekt_tekn,2009,148
arkitekt_tekn,2010,153
arkitekt_tekn,2011,156
arkitekt_tekn,2012,156
arkitekt_tekn,2013,161
arkitekt_tekn,2014,161
arkitekt_tekn,2015,164
arkitekt_tekn,2016,179
arkitekt_tekn,2017,185
arkitekt_tekn,2018,192
arkitekt_tekn,2019,204
arkitekt_tekn,2020,193
arkitekt_tekn,2021,202
arkitekt_tekn,2022,225
arkitekt_tekn,2023,
vattenforsorjning_avlo,2000,
vattenforsorjning_avlo,2001,
vattenforsorjning_avlo,2002,
vattenforsorjning_avlo,2003,
vattenforsorjning_avlo,2004,
vattenforsorjning_avlo,2005,
vattenforsorjning_avlo,2006,
vattenforsorjning_avlo,2007,
vattenforsorjning_avlo,2008,32
vattenforsorjning_avlo,2009,32
vattenforsorjning_avlo,2010,31
vattenforsorjning_avlo,2011,35
vattenforsorjning_avlo,2012,36
vattenforsorjning_avlo,2013,37
vattenforsorjning_avlo,2014,38
vattenforsorjning_avlo,2015,38
vattenforsorjning_avlo,2016,38
vattenforsorjning_avlo,2017,39
vattenforsorjning_avlo,2018,42
vattenforsorjning_avlo,2019,42
vattenforsorjning_avlo,2020,43
vattenforsorjning_avlo,2021,43
vattenforsorjning_avlo,2022,43
vattenforsorjning_avlo,2023,
banker,2000,
banker,2001,
banker,2002,
banker,2003,
banker,2004,
banker,2005,
banker,2006,
banker,2007,
banker,2008,81
banker,2009,79
banker,2010,79
banker,2011,80
banker,2012,78
banker,2013,74
banker,2014,74
banker,2015,77
banker,2016,81
banker,2017,74
banker,2018,75
banker,2019,83
banker,2020,93
banker,2021,92
banker,2022,95
banker,2023,
jordbruksforetag_serv,2000,
jordbruksforetag_serv,2001,
jordbruksforetag_serv,2002,
jordbruksforetag_serv,2003,
jordbruksforetag_serv,2004,
jordbruksforetag_serv,2005,
jordbruksforetag_serv,2006,
jordbruksforetag_serv,2007,
jordbruksforetag_serv,2008,158
jordbruksforetag_serv,2009,159
jordbruksforetag_serv,2010,160
jordbruksforetag_serv,2011,165
jordbruksforetag_serv,2012,161
jordbruksforetag_serv,2013,169
jordbruksforetag_serv,2014,171
jordbruksforetag_serv,2015,165
jordbruksforetag_serv,2016,159
jordbruksforetag_serv,2017,155
jordbruksforetag_serv,2018,159
jordbruksforetag_serv,2019,152
jordbruksforetag_serv,2020,162
jordbruksforetag_serv,2021,146
jordbruksforetag_serv,2022,150
jordbruksforetag_serv,2023,
bygg,2000,
bygg,2001,
bygg,2002,
bygg,2003,
bygg,2004,
bygg,2005,
bygg,2006,
bygg,2007,
bygg,2008,559
bygg,2009,548
bygg,2010,553
bygg,2011,569
bygg,2012,580
bygg,2013,585
bygg,2014,598
bygg,2015,613
bygg,2016,647
bygg,2017,657
bygg,2018,678
bygg,2019,690
bygg,2020,675
bygg,2021,688
bygg,2022,725
bygg,2023,
dataprogrammering_data,2000,
dataprogrammering_data,2001,
dataprogrammering_data,2002,
dataprogrammering_data,2003,
dataprogrammering_data,2004,
dataprogrammering_data,2005,
dataprogrammering_data,2006,
dataprogrammering_data,2007,
dataprogrammering_data,2008,204
dataprogrammering_data,2009,191
dataprogrammering_data,2010,199
dataprogrammering_data,2011,211
dataprogrammering_data,2012,212
dataprogrammering_data,2013,212
dataprogrammering_data,2014,222
dataprogrammering_data,2015,227
dataprogrammering_data,2016,220
dataprogrammering_data,2017,227
dataprogrammering_data,2018,242
dataprogrammering_data,2019,259
dataprogrammering_data,2020,265
dataprogrammering_data,2021,267
dataprogrammering_data,2022,297
dataprogrammering_data,2023,
detaljhandel_ut_mot,2000,
detaljhandel_ut_mot,2001,
detaljhandel_ut_mot,2002,
detaljhandel_ut_mot,2003,
detaljhandel_ut_mot,2004,
detaljhandel_ut_mot,2005,
detaljhandel_ut_mot,2006,
detaljhandel_ut_mot,2007,
detaljhandel_ut_mot,2008,411
detaljhandel_ut_mot,2009,415
detaljhandel_ut_mot,2010,438
detaljhandel_ut_mot,2011,437
detaljhandel_ut_mot,2012,430
detaljhandel_ut_mot,2013,437
detaljhandel_ut_mot,2014,448
detaljhandel_ut_mot,2015,446
detaljhandel_ut_mot,2016,454
detaljhandel_ut_mot,2017,452
detaljhandel_ut_mot,2018,452
detaljhandel_ut_mot,2019,452
detaljhandel_ut_mot,2020,428
detaljhandel_ut_mot,2021,445
detaljhandel_ut_mot,2022,471
detaljhandel_ut_mot,2023,
el_gas,2000,
el_gas,2001,
el_gas,2002,
el_gas,2003,
el_gas,2004,
el_gas,2005,
el_gas,2006,
el_gas,2007,
el_gas,2008,49
el_gas,2009,50
el_gas,2010,51
el_gas,2011,50
el_gas,2012,49
el_gas,2013,50
el_gas,2014,49
el_gas,2015,48
el_gas,2016,49
el_gas,2017,50
el_gas,2018,48
el_gas,2019,50
el_gas,2020,50
el_gas,2021,51
el_gas,2022,51
el_gas,2023,
film_vide_j,2000,
film_vide_j,2001,
film_vide_j,2002,
film_vide_j,2003,
film_vide_j,2004,
film_vide_j,2005,
film_vide_j,2006,
film_vide_j,2007,
film_vide_j,2008,17
film_vide_j,2009,18
film_vide_j,2010,18
film_vide_j,2011,19
film_vide_j,2012,20
film_vide_j,2013,20
film_vide_j,2014,21
film_vide_j,2015,22
film_vide_j,2016,23
film_vide_j,2017,22
film_vide_j,2018,23
film_vide_j,2019,23
film_vide_j,2020,23
film_vide_j,2021,26
film_vide_j,2022,24
film_vide_j,2023,
finans,2000,
finans,2001,
finans,2002,
finans,2003,
finans,2004,
finans,2005,
finans,2006,
finans,2007,
finans,2008,149
finans,2009,145
finans,2010,146
finans,2011,147
finans,2012,143
finans,2013,141
finans,2014,142
finans,2015,143
finans,2016,143
finans,2017,134
finans,2018,135
finans,2019,139
finans,2020,160
finans,2021,162
finans,2022,166
finans,2023,
fisk,2000,
fisk,2001,
fisk,2002,
fisk,2003,
fisk,2004,
fisk,2005,
fisk,2006,
fisk,2007,
fisk,2008,2
fisk,2009,3
fisk,2010,3
fisk,2011,2
fisk,2012,2
fisk,2013,2
fisk,2014,2
fisk,2015,2
fisk,2016,2
fisk,2017,2
fisk,2018,2
fisk,2019,2
fisk,2020,2
fisk,2021,3
fisk,2022,3
fisk,2023,
flygbolag,2000,
flygbolag,2001,
flygbolag,2002,
flygbolag,2003,
flygbolag,2004,
flygbolag,2005,
flygbolag,2006,
flygbolag,2007,
flygbolag,2008,13
flygbolag,2009,11
flygbolag,2010,12
flygbolag,2011,13
flygbolag,2012,16
flygbolag,2013,15
flygbolag,2014,11
flygbolag,2015,10
flygbolag,2016,10
flygbolag,2017,10
flygbolag,2018,11
flygbolag,2019,11
flygbolag,2020,8
flygbolag,2021,6
flygbolag,2022,7
flygbolag,2023,
forlag,2000,
forlag,2001,
forlag,2002,
forlag,2003,
forlag,2004,
forlag,2005,
forlag,2006,
forlag,2007,
forlag,2008,54
forlag,2009,52
forlag,2010,50
forlag,2011,50
forlag,2012,49
forlag,2013,48
forlag,2014,47
forlag,2015,55
forlag,2016,52
forlag,2017,54
forlag,2018,56
forlag,2019,53
forlag,2020,54
forlag,2021,58
forlag,2022,59
forlag,2023,
forlagsverksamhet_film,2000,
forlagsverksamhet_film,2001,
forlagsverksamhet_film,2002,
forlagsverksamhet_film,2003,
forlagsverksamhet_film,2004,
forlagsverksamhet_film,2005,
forlagsverksamhet_film,2006,
forlagsverksamhet_film,2007,
forlagsverksamhet_film,2008,71
forlagsverksamhet_film,2009,70
forlagsverksamhet_film,2010,68
forlagsverksamhet_film,2011,69
forlagsverksamhet_film,2012,69
forlagsverksamhet_film,2013,68
forlagsverksamhet_film,2014,68
forlagsverksamhet_film,2015,77
forlagsverksamhet_film,2016,75
forlagsverksamhet_film,2017,76
forlagsverksamhet_film,2018,79
forlagsverksamhet_film,2019,76
forlagsverksamhet_film,2020,77
forlagsverksamhet_film,2021,84
forlagsverksamhet_film,2022,83
forlagsverksamhet_film,2023,
forsakrings,2000,
forsakrings,2001,
forsakrings,2002,
forsakrings,2003,
forsakrings,2004,
forsakrings,2005,
forsakrings,2006,
forsakrings,2007,
forsakrings,2008,38
forsakrings,2009,38
forsakrings,2010,38
forsakrings,2011,37
forsakrings,2012,39
forsakrings,2013,39
forsakrings,2014,39
forsakrings,2015,40
forsakrings,2016,36
forsakrings,2017,34
forsakrings,2018,36
forsakrings,2019,31
forsakrings,2020,36
forsakrings,2021,39
forsakrings,2022,39
forsakrings,2023,
el_gas_avl,2000,
el_gas_avl,2001,
el_gas_avl,2002,
el_gas_avl,2003,
el_gas_avl,2004,
el_gas_avl,2005,
el_gas_avl,2006,
el_gas_avl,2007,
el_gas_avl,2008,84
el_gas_avl,2009,86
el_gas_avl,2010,87
el_gas_avl,2011,90
el_gas_avl,2012,90
el_gas_avl,2013,92
el_gas_avl,2014,92
el_gas_avl,2015,92
el_gas_avl,2016,94
el_gas_avl,2017,94
el_gas_avl,2018,96
el_gas_avl,2019,98
el_gas_avl,2020,99
el_gas_avl,2021,101
el_gas_avl,2022,100
el_gas_avl,2023,
grafisk,2000,
grafisk,2001,
grafisk,2002,
grafisk,2003,
grafisk,2004,
grafisk,2005,
grafisk,2006,
grafisk,2007,
grafisk,2008,36
grafisk,2009,32
grafisk,2010,31
grafisk,2011,29
grafisk,2012,28
grafisk,2013,26
grafisk,2014,25
grafisk,2015,24
grafisk,2016,22
grafisk,2017,21
grafisk,2018,20
grafisk,2019,17
grafisk,2020,13
grafisk,2021,14
grafisk,2022,14
grafisk,2023,
tillverkning_utv,2000,
tillverkning_utv,2001,
tillverkning_utv,2002,
tillverkning_utv,2003,
tillverkning_utv,2004,
tillverkning_utv,2005,
tillverkning_utv,2006,
tillverkning_utv,2007,
tillverkning_utv,2008,1194
tillverkning_utv,2009,1051
tillverkning_utv,2010,1067
tillverkning_utv,2011,1087
tillverkning_utv,2012,1043
tillverkning_utv,2013,1019
tillverkning_utv,2014,1003
tillverkning_utv,2015,986
tillverkning_utv,2016,986
tillverkning_utv,2017,1012
tillverkning_utv,2018,1003
tillverkning_utv,2019,999
tillverkning_utv,2020,947
tillverkning_utv,2021,1005
tillverkning_utv,2022,992
tillverkning_utv,2023,
gummi,2000,
gummi,2001,
gummi,2002,
gummi,2003,
gummi,2004,
gummi,2005,
gummi,2006,
gummi,2007,
gummi,2008,43
gummi,2009,38
gummi,2010,42
gummi,2011,42
gummi,2012,39
gummi,2013,37
gummi,2014,37
gummi,2015,36
gummi,2016,36
gummi,2017,36
gummi,2018,38
gummi,2019,36
gummi,2020,36
gummi,2021,39
gummi,2022,38
gummi,2023,
gummi_icke_met,2000,
gummi_icke_met,2001,
gummi_icke_met,2002,
gummi_icke_met,2003,
gummi_icke_met,2004,
gummi_icke_met,2005,
gummi_icke_met,2006,
gummi_icke_met,2007,
gummi_icke_met,2008,80
gummi_icke_met,2009,71
gummi_icke_met,2010,77
gummi_icke_met,2011,82
gummi_icke_met,2012,78
gummi_icke_met,2013,74
gummi_icke_met,2014,71
gummi_icke_met,2015,72
gummi_icke_met,2016,71
gummi_icke_met,2017,73
gummi_icke_met,2018,76
gummi_icke_met,2019,71
gummi_icke_met,2020,69
gummi_icke_met,2021,72
gummi_icke_met,2022,71
gummi_icke_met,2023,
hand_g,2000,
hand_g,2001,
hand_g,2002,
hand_g,2003,
hand_g,2004,
hand_g,2005,
hand_g,2006,
hand_g,2007,
hand_g,2008,906
hand_g,2009,900
hand_g,2010,925
hand_g,2011,948
hand_g,2012,935
hand_g,2013,928
hand_g,2014,951
hand_g,2015,961
hand_g,2016,977
hand_g,2017,993
hand_g,2018,1012
hand_g,2019,1001
hand_g,2020,943
hand_g,2021,969
hand_g,2022,1028
hand_g,2023,
handel_med,2000,
handel_med,2001,
handel_med,2002,
handel_med,2003,
handel_med,2004,
handel_med,2005,
handel_med,2006,
handel_med,2007,
handel_med,2008,129
handel_med,2009,125
handel_med,2010,128
handel_med,2011,134
handel_med,2012,140
handel_med,2013,135
handel_med,2014,138
handel_med,2015,141
handel_med,2016,146
handel_med,2017,149
handel_med,2018,156
handel_med,2019,150
handel_med,2020,150
handel_med,2021,150
handel_med,2022,154
handel_med,2023,
totalt_tota,2000,
totalt_tota,2001,
totalt_tota,2002,
totalt_tota,2003,
totalt_tota,2004,
totalt_tota,2005,
totalt_tota,2006,
totalt_tota,2007,
totalt_tota,2008,7501
totalt_tota,2009,7279
totalt_tota,2010,7453
totalt_tota,2011,7629
totalt_tota,2012,7621
totalt_tota,2013,7653
totalt_tota,2014,7769
totalt_tota,2015,7894
totalt_tota,2016,8112
totalt_tota,2017,8247
totalt_tota,2018,8381
totalt_tota,2019,8356
totalt_tota,2020,8086
totalt_tota,2021,8296
totalt_tota,2022,8555
totalt_tota,2023,
hotell_rest_i,2000,
hotell_rest_i,2001,
hotell_rest_i,2002,
hotell_rest_i,2003,
hotell_rest_i,2004,
hotell_rest_i,2005,
hotell_rest_i,2006,
hotell_rest_i,2007,
hotell_rest_i,2008,212
hotell_rest_i,2009,213
hotell_rest_i,2010,229
hotell_rest_i,2011,237
hotell_rest_i,2012,246
hotell_rest_i,2013,261
hotell_rest_i,2014,269
hotell_rest_i,2015,283
hotell_rest_i,2016,299
hotell_rest_i,2017,306
hotell_rest_i,2018,312
hotell_rest_i,2019,309
hotell_rest_i,2020,252
hotell_rest_i,2021,235
hotell_rest_i,2022,285
hotell_rest_i,2023,
hushall,2000,
hushall,2001,
hushall,2002,
hushall,2003,
hushall,2004,
hushall,2005,
hushall,2006,
hushall,2007,
hushall,2008,155
hushall,2009,163
hushall,2010,161
hushall,2011,165
hushall,2012,171
hushall,2013,171
hushall,2014,171
hushall,2015,179
hushall,2016,176
hushall,2017,178
hushall,2018,180
hushall,2019,177
hushall,2020,176
hushall,2021,172
hushall,2022,179
hushall,2023,
halso,2000,
halso,2001,
halso,2002,
halso,2003,
halso,2004,
halso,2005,
halso,2006,
halso,2007,
halso,2008,77
halso,2009,78
halso,2010,80
halso,2011,85
halso,2012,87
halso,2013,89
halso,2014,91
halso,2015,93
halso,2016,99
halso,2017,102
halso,2018,104
halso,2019,101
halso,2020,97
halso,2021,112
halso,2022,106
halso,2023,
icke_met_andra,2000,
icke_met_andra,2001,
icke_met_andra,2002,
icke_met_andra,2003,
icke_met_andra,2004,
icke_met_andra,2005,
icke_met_andra,2006,
icke_met_andra,2007,
icke_met_andra,2008,37
icke_met_andra,2009,32
icke_met_andra,2010,35
icke_met_andra,2011,40
icke_met_andra,2012,39
icke_met_andra,2013,37
icke_met_andra,2014,34
icke_met_andra,2015,35
icke_met_andra,2016,36
icke_met_andra,2017,37
icke_met_andra,2018,38
icke_met_andra,2019,35
icke_met_andra,2020,33
icke_met_andra,2021,34
icke_met_andra,2022,33
icke_met_andra,2023,
datorer_elek,2000,
datorer_elek,2001,
datorer_elek,2002,
datorer_elek,2003,
datorer_elek,2004,
datorer_elek,2005,
datorer_elek,2006,
datorer_elek,2007,
datorer_elek,2008,47
datorer_elek,2009,48
datorer_elek,2010,47
datorer_elek,2011,45
datorer_elek,2012,46
datorer_elek,2013,45
datorer_elek,2014,43
datorer_elek,2015,30
datorer_elek,2016,29
datorer_elek,2017,28
datorer_elek,2018,31
datorer_elek,2019,32
datorer_elek,2020,32
datorer_elek,2021,35
datorer_elek,2022,34
datorer_elek,2023,
elapparatur,2000,
elapparatur,2001,
elapparatur,2002,
elapparatur,2003,
elapparatur,2004,
elapparatur,2005,
elapparatur,2006,
elapparatur,2007,
elapparatur,2008,45
elapparatur,2009,42
elapparatur,2010,42
elapparatur,2011,43
elapparatur,2012,42
elapparatur,2013,41
elapparatur,2014,41
elapparatur,2015,37
elapparatur,2016,37
elapparatur,2017,47
elapparatur,2018,37
elapparatur,2019,43
elapparatur,2020,36
elapparatur,2021,36
elapparatur,2022,39
elapparatur,2023,
industri_for_met,2000,
industri_for_met,2001,
industri_for_met,2002,
industri_for_met,2003,
industri_for_met,2004,
industri_for_met,2005,
industri_for_met,2006,
industri_for_met,2007,
industri_for_met,2008,158
industri_for_met,2009,131
industri_for_met,2010,130
industri_for_met,2011,137
industri_for_met,2012,136
industri_for_met,2013,133
industri_for_met,2014,132
industri_for_met,2015,128
industri_for_met,2016,129
industri_for_met,2017,130
industri_for_met,2018,131
industri_for_met,2019,131
industri_for_met,2020,117
industri_for_met,2021,132
industri_for_met,2022,120
industri_for_met,2023,
industri_for_mot,2000,
industri_for_mot,2001,
industri_for_mot,2002,
industri_for_mot,2003,
industri_for_mot,2004,
industri_for_mot,2005,
industri_for_mot,2006,
industri_for_mot,2007,
industri_for_mot,2008,147
industri_for_mot,2009,112
industri_for_mot,2010,117
industri_for_mot,2011,121
industri_for_mot,2012,109
industri_for_mot,2013,112
industri_for_mot,2014,114
industri_for_mot,2015,117
industri_for_mot,2016,124
industri_for_mot,2017,132
industri_for_mot,2018,134
industri_for_mot,2019,134
industri_for_mot,2020,123
industri_for_mot,2021,135
industri_for_mot,2022,137
industri_for_mot,2023,
industri_for_sten,2000,
industri_for_sten,2001,
industri_for_sten,2002,
industri_for_sten,2003,
industri_for_sten,2004,
industri_for_sten,2005,
industri_for_sten,2006,
industri_for_sten,2007,
industri_for_sten,2008,4
industri_for_sten,2009,4
industri_for_sten,2010,4
industri_for_sten,2011,4
industri_for_sten,2012,4
industri_for_sten,2013,4
industri_for_sten,2014,4
industri_for_sten,2015,4
industri_for_sten,2016,5
industri_for_sten,2017,5
industri_for_sten,2018,5
industri_for_sten,2019,5
industri_for_sten,2020,5
industri_for_sten,2021,5
industri_for_sten,2022,5
industri_for_sten,2023,
industri_for_tra,2000,
industri_for_tra,2001,
industri_for_tra,2002,
industri_for_tra,2003,
industri_for_tra,2004,
industri_for_tra,2005,
industri_for_tra,2006,
industri_for_tra,2007,
industri_for_tra,2008,64
industri_for_tra,2009,55
industri_for_tra,2010,57
industri_for_tra,2011,58
industri_for_tra,2012,55
industri_for_tra,2013,52
industri_for_tra,2014,52
industri_for_tra,2015,54
industri_for_tra,2016,54
industri_for_tra,2017,55
industri_for_tra,2018,53
industri_for_tra,2019,52
industri_for_tra,2020,52
industri_for_tra,2021,58
industri_for_tra,2022,58
industri_for_tra,2023,
jord_skog,2000,
jord_skog,2001,
jord_skog,2002,
jord_skog,2003,
jord_skog,2004,
jord_skog,2005,
jord_skog,2006,
jord_skog,2007,
jord_skog,2008,235
jord_skog,2009,235
jord_skog,2010,236
jord_skog,2011,254
jord_skog,2012,257
jord_skog,2013,264
jord_skog,2014,270
jord_skog,2015,264
jord_skog,2016,250
jord_skog,2017,250
jord_skog,2018,260
jord_skog,2019,249
jord_skog,2020,253
jord_skog,2021,234
jord_skog,2022,241
jord_skog,2023,
juridisk_ek,2000,
juridisk_ek,2001,
juridisk_ek,2002,
juridisk_ek,2003,
juridisk_ek,2004,
juridisk_ek,2005,
juridisk_ek,2006,
juridisk_ek,2007,
juridisk_ek,2008,128
juridisk_ek,2009,126
juridisk_ek,2010,133
juridisk_ek,2011,138
juridisk_ek,2012,141
juridisk_ek,2013,146
juridisk_ek,2014,150
juridisk_ek,2015,156
juridisk_ek,2016,157
juridisk_ek,2017,165
juridisk_ek,2018,176
juridisk_ek,2019,182
juridisk_ek,2020,176
juridisk_ek,2021,184
juridisk_ek,2022,199
juridisk_ek,2023,
kommunala_mynd,2000,
kommunala_mynd,2001,
kommunala_mynd,2002,
kommunala_mynd,2003,
kommunala_mynd,2004,
kommunala_mynd,2005,
kommunala_mynd,2006,
kommunala_mynd,2007,
kommunala_mynd,2008,1588
kommunala_mynd,2009,1571
kommunala_mynd,2010,1566
kommunala_mynd,2011,1578
kommunala_mynd,2012,1580
kommunala_mynd,2013,1587
kommunala_mynd,2014,1618
kommunala_mynd,2015,1642
kommunala_mynd,2016,1714
kommunala_mynd,2017,1750
kommunala_mynd,2018,1770
kommunala_mynd,2019,1755
kommunala_mynd,2020,1732
kommunala_mynd,2021,1771
kommunala_mynd,2022,1781
kommunala_mynd,2023,
kultur_noje,2000,
kultur_noje,2001,
kultur_noje,2002,
kultur_noje,2003,
kultur_noje,2004,
kultur_noje,2005,
kultur_noje,2006,
kultur_noje,2007,
kultur_noje,2008,74
kultur_noje,2009,72
kultur_noje,2010,78
kultur_noje,2011,78
kultur_noje,2012,81
kultur_noje,2013,81
kultur_noje,2014,86
kultur_noje,2015,83
kultur_noje,2016,92
kultur_noje,2017,95
kultur_noje,2018,97
kultur_noje,2019,100
kultur_noje,2020,86
kultur_noje,2021,88
kultur_noje,2022,85
kultur_noje,2023,
landtransportforetag_rort,2000,
landtransportforetag_rort,2001,
landtransportforetag_rort,2002,
landtransportforetag_rort,2003,
landtransportforetag_rort,2004,
landtransportforetag_rort,2005,
landtransportforetag_rort,2006,
landtransportforetag_rort,2007,
landtransportforetag_rort,2008,255
landtransportforetag_rort,2009,239
landtransportforetag_rort,2010,254
landtransportforetag_rort,2011,262
landtransportforetag_rort,2012,256
landtransportforetag_rort,2013,254
landtransportforetag_rort,2014,252
landtransportforetag_rort,2015,251
landtransportforetag_rort,2016,254
landtransportforetag_rort,2017,264
landtransportforetag_rort,2018,267
landtransportforetag_rort,2019,268
landtransportforetag_rort,2020,250
landtransportforetag_rort,2021,254
landtransportforetag_rort,2022,254
landtransportforetag_rort,2023,
livsmedel_dryck_tob,2000,
livsmedel_dryck_tob,2001,
livsmedel_dryck_tob,2002,
livsmedel_dryck_tob,2003,
livsmedel_dryck_tob,2004,
livsmedel_dryck_tob,2005,
livsmedel_dryck_tob,2006,
livsmedel_dryck_tob,2007,
livsmedel_dryck_tob,2008,104
livsmedel_dryck_tob,2009,102
livsmedel_dryck_tob,2010,105
livsmedel_dryck_tob,2011,101
livsmedel_dryck_tob,2012,98
livsmedel_dryck_tob,2013,96
livsmedel_dryck_tob,2014,96
livsmedel_dryck_tob,2015,97
livsmedel_dryck_tob,2016,98
livsmedel_dryck_tob,2017,102
livsmedel_dryck_tob,2018,95
livsmedel_dryck_tob,2019,95
livsmedel_dryck_tob,2020,94
livsmedel_dryck_tob,2021,93
livsmedel_dryck_tob,2022,91
livsmedel_dryck_tob,2023,
magasinering,2000,
magasinering,2001,
magasinering,2002,
magasinering,2003,
magasinering,2004,
magasinering,2005,
magasinering,2006,
magasinering,2007,
magasinering,2008,157
magasinering,2009,146
magasinering,2010,148
magasinering,2011,146
magasinering,2012,137
magasinering,2013,135
magasinering,2014,136
magasinering,2015,137
magasinering,2016,140
magasinering,2017,136
magasinering,2018,136
magasinering,2019,130
magasinering,2020,126
magasinering,2021,134
magasinering,2022,139
magasinering,2023,
massa_papp,2000,
massa_papp,2001,
massa_papp,2002,
massa_papp,2003,
massa_papp,2004,
massa_papp,2005,
massa_papp,2006,
massa_papp,2007,
massa_papp,2008,62
massa_papp,2009,58
massa_papp,2010,57
massa_papp,2011,56
massa_papp,2012,54
massa_papp,2013,51
massa_papp,2014,50
massa_papp,2015,49
massa_papp,2016,49
massa_papp,2017,49
massa_papp,2018,49
massa_papp,2019,47
massa_papp,2020,46
massa_papp,2021,47
massa_papp,2022,48
massa_papp,2023,
totalt_nar,2000,
totalt_nar,2001,
totalt_nar,2002,
totalt_nar,2003,
totalt_nar,2004,
totalt_nar,2005,
totalt_nar,2006,
totalt_nar,2007,
totalt_nar,2008,5370
totalt_nar,2009,5161
totalt_nar,2010,5327
totalt_nar,2011,5492
totalt_nar,2012,5464
totalt_nar,2013,5485
totalt_nar,2014,5567
totalt_nar,2015,5655
totalt_nar,2016,5797
totalt_nar,2017,5892
totalt_nar,2018,5994
totalt_nar,2019,5993
totalt_nar,2020,5734
totalt_nar,2021,5892
totalt_nar,2022,6130
totalt_nar,2023,
offentliga_mynd,2000,
offentliga_mynd,2001,
offentliga_mynd,2002,
offentliga_mynd,2003,
offentliga_mynd,2004,
offentliga_mynd,2005,
offentliga_mynd,2006,
offentliga_mynd,2007,
offentliga_mynd,2008,1976
offentliga_mynd,2009,1955
offentliga_mynd,2010,1964
offentliga_mynd,2011,1972
offentliga_mynd,2012,1986
offentliga_mynd,2013,1997
offentliga_mynd,2014,2032
offentliga_mynd,2015,2060
offentliga_mynd,2016,2139
offentliga_mynd,2017,2177
offentliga_mynd,2018,2206
offentliga_mynd,2019,2186
offentliga_mynd,2020,2176
offentliga_mynd,2021,2232
offentliga_mynd,2022,2245
offentliga_mynd,2023,
parti_prov,2000,
parti_prov,2001,
parti_prov,2002,
parti_prov,2003,
parti_prov,2004,
parti_prov,2005,
parti_prov,2006,
parti_prov,2007,
parti_prov,2008,365
parti_prov,2009,361
parti_prov,2010,359
parti_prov,2011,376
parti_prov,2012,365
parti_prov,2013,355
parti_prov,2014,364
parti_prov,2015,375
parti_prov,2016,378
parti_prov,2017,392
parti_prov,2018,404
parti_prov,2019,399
parti_prov,2020,365
parti_prov,2021,373
parti_prov,2022,403
parti_prov,2023,
primarkommunala_mynd,2000,
primarkommunala_mynd,2001,
primarkommunala_mynd,2002,
primarkommunala_mynd,2003,
primarkommunala_mynd,2004,
primarkommunala_mynd,2005,
primarkommunala_mynd,2006,
primarkommunala_mynd,2007,
primarkommunala_mynd,2008,1189
primarkommunala_mynd,2009,1173
primarkommunala_mynd,2010,1172
primarkommunala_mynd,2011,1182
primarkommunala_mynd,2012,1188
primarkommunala_mynd,2013,1191
primarkommunala_mynd,2014,1215
primarkommunala_mynd,2015,1234
primarkommunala_mynd,2016,1299
primarkommunala_mynd,2017,1333
primarkommunala_mynd,2018,1340
primarkommunala_mynd,2019,1322
primarkommunala_mynd,2020,1292
primarkommunala_mynd,2021,1315
primarkommunala_mynd,2022,1326
primarkommunala_mynd,2023,
rederier,2000,
rederier,2001,
rederier,2002,
rederier,2003,
rederier,2004,
rederier,2005,
rederier,2006,
rederier,2007,
rederier,2008,21
rederier,2009,21
rederier,2010,22
rederier,2011,21
rederier,2012,18
rederier,2013,16
rederier,2014,15
rederier,2015,15
rederier,2016,13
rederier,2017,14
rederier,2018,14
rederier,2019,15
rederier,2020,12
rederier,2021,11
rederier,2022,13
rederier,2023,
regionala_mynd,2000,
regionala_mynd,2001,
regionala_mynd,2002,
regionala_mynd,2003,
regionala_mynd,2004,
regionala_mynd,2005,
regionala_mynd,2006,
regionala_mynd,2007,
regionala_mynd,2008,399
regionala_mynd,2009,398
regionala_mynd,2010,393
regionala_mynd,2011,395
regionala_mynd,2012,392
regionala_mynd,2013,396
regionala_mynd,2014,402
regionala_mynd,2015,409
regionala_mynd,2016,414
regionala_mynd,2017,418
regionala_mynd,2018,431
regionala_mynd,2019,433
regionala_mynd,2020,440
regionala_mynd,2021,455
regionala_mynd,2022,455
regionala_mynd,2023,
reklam_und,2000,
reklam_und,2001,
reklam_und,2002,
reklam_und,2003,
reklam_und,2004,
reklam_und,2005,
reklam_und,2006,
reklam_und,2007,
reklam_und,2008,91
reklam_und,2009,86
reklam_und,2010,90
reklam_und,2011,88
reklam_und,2012,87
reklam_und,2013,85
reklam_und,2014,84
reklam_und,2015,88
reklam_und,2016,90
reklam_und,2017,94
reklam_und,2018,88
reklam_und,2019,87
reklam_und,2020,82
reklam_und,2021,85
reklam_und,2022,89
reklam_und,2023,
reparationsverkstader,2000,
reparationsverkstader,2001,
reparationsverkstader,2002,
reparationsverkstader,2003,
reparationsverkstader,2004,
reparationsverkstader,2005,
reparationsverkstader,2006,
reparationsverkstader,2007,
reparationsverkstader,2008,36
reparationsverkstader,2009,33
reparationsverkstader,2010,32
reparationsverkstader,2011,33
reparationsverkstader,2012,34
reparationsverkstader,2013,33
reparationsverkstader,2014,31
reparationsverkstader,2015,32
reparationsverkstader,2016,33
reparationsverkstader,2017,32
reparationsverkstader,2018,33
reparationsverkstader,2019,31
reparationsverkstader,2020,31
reparationsverkstader,2021,34
reparationsverkstader,2022,35
reparationsverkstader,2023,
serviceforetag_fin,2000,
serviceforetag_fin,2001,
serviceforetag_fin,2002,
serviceforetag_fin,2003,
serviceforetag_fin,2004,
serviceforetag_fin,2005,
serviceforetag_fin,2006,
serviceforetag_fin,2007,
serviceforetag_fin,2008,29
serviceforetag_fin,2009,28
serviceforetag_fin,2010,29
serviceforetag_fin,2011,30
serviceforetag_fin,2012,27
serviceforetag_fin,2013,28
serviceforetag_fin,2014,28
serviceforetag_fin,2015,27
serviceforetag_fin,2016,25
serviceforetag_fin,2017,25
serviceforetag_fin,2018,24
serviceforetag_fin,2019,25
serviceforetag_fin,2020,31
serviceforetag_fin,2021,32
serviceforetag_fin,2022,31
serviceforetag_fin,2023,
skogsbruksforetag,2000,
skogsbruksforetag,2001,
skogsbruksforetag,2002,
skogsbruksforetag,2003,
skogsbruksforetag,2004,
skogsbruksforetag,2005,
skogsbruksforetag,2006,
skogsbruksforetag,2007,
skogsbruksforetag,2008,75
skogsbruksforetag,2009,73
skogsbruksforetag,2010,74
skogsbruksforetag,2011,86
skogsbruksforetag,2012,93
skogsbruksforetag,2013,93
skogsbruksforetag,2014,97
skogsbruksforetag,2015,97
skogsbruksforetag,2016,89
skogsbruksforetag,2017,93
skogsbruksforetag,2018,99
skogsbruksforetag,2019,95
skogsbruksforetag,2020,89
skogsbruksforetag,2021,85
skogsbruksforetag,2022,88
skogsbruksforetag,2023,
smahus_l,2000,
smahus_l,2001,
smahus_l,2002,
smahus_l,2003,
smahus_l,2004,
smahus_l,2005,
smahus_l,2006,
smahus_l,2007,
smahus_l,2008,
smahus_l,2009,
smahus_l,2010,
smahus_l,2011,
smahus_l,2012,
smahus_l,2013,
smahus_l,2014,
smahus_l,2015,
smahus_l,2016,
smahus_l,2017,
smahus_l,2018,
smahus_l,2019,
smahus_l,2020,
smahus_l,2021,
smahus_l,2022,
smahus_l,2023,
statliga_mynd,2000,
statliga_mynd,2001,
statliga_mynd,2002,
statliga_mynd,2003,
statliga_mynd,2004,
statliga_mynd,2005,
statliga_mynd,2006,
statliga_mynd,2007,
statliga_mynd,2008,387
statliga_mynd,2009,385
statliga_mynd,2010,399
statliga_mynd,2011,394
statliga_mynd,2012,406
statliga_mynd,2013,410
statliga_mynd,2014,414
statliga_mynd,2015,417
statliga_mynd,2016,425
statliga_mynd,2017,426
statliga_mynd,2018,436
statliga_mynd,2019,432
statliga_mynd,2020,444
statliga_mynd,2021,461
statliga_mynd,2022,464
statliga_mynd,2023,
stal_met_c,2000,
stal_met_c,2001,
stal_met_c,2002,
stal_met_c,2003,
stal_met_c,2004,
stal_met_c,2005,
stal_met_c,2006,
stal_met_c,2007,
stal_met_c,2008,220
stal_met_c,2009,182
stal_met_c,2010,184
stal_met_c,2011,194
stal_met_c,2012,188
stal_met_c,2013,184
stal_met_c,2014,183
stal_met_c,2015,178
stal_met_c,2016,177
stal_met_c,2017,178
stal_met_c,2018,179
stal_met_c,2019,179
stal_met_c,2020,159
stal_met_c,2021,178
stal_met_c,2022,168
stal_met_c,2023,
metaller,2000,
metaller,2001,
metaller,2002,
metaller,2003,
metaller,2004,
metaller,2005,
metaller,2006,
metaller,2007,
metaller,2008,61
metaller,2009,51
metaller,2010,55
metaller,2011,57
metaller,2012,52
metaller,2013,51
metaller,2014,51
metaller,2015,50
metaller,2016,48
metaller,2017,48
metaller,2018,48
metaller,2019,47
metaller,2020,42
metaller,2021,46
metaller,2022,47
metaller,2023,
telekommunikation_j,2000,
telekommunikation_j,2001,
telekommunikation_j,2002,
telekommunikation_j,2003,
telekommunikation_j,2004,
telekommunikation_j,2005,
telekommunikation_j,2006,
telekommunikation_j,2007,
telekommunikation_j,2008,52
telekommunikation_j,2009,51
telekommunikation_j,2010,49
telekommunikation_j,2011,46
telekommunikation_j,2012,47
telekommunikation_j,2013,45
telekommunikation_j,2014,47
telekommunikation_j,2015,45
telekommunikation_j,2016,44
telekommunikation_j,2017,43
telekommunikation_j,2018,40
telekommunikation_j,2019,40
telekommunikation_j,2020,38
telekommunikation_j,2021,39
telekommunikation_j,2022,38
telekommunikation_j,2023,
industri_for_bas,2000,
industri_for_bas,2001,
industri_for_bas,2002,
industri_for_bas,2003,
industri_for_bas,2004,
industri_for_bas,2005,
industri_for_bas,2006,
industri_for_bas,2007,
industri_for_bas,2008,67
industri_for_bas,2009,62
industri_for_bas,2010,61
industri_for_bas,2011,59
industri_for_bas,2012,59
industri_for_bas,2013,57
industri_for_bas,2014,56
industri_for_bas,2015,56
industri_for_bas,2016,54
industri_for_bas,2017,56
industri_for_bas,2018,57
industri_for_bas,2019,56
industri_for_bas,2020,60
industri_for_bas,2021,59
industri_for_bas,2022,63
industri_for_bas,2023,
tillverkning_mob,2000,
tillverkning_mob,2001,
tillverkning_mob,2002,
tillverkning_mob,2003,
tillverkning_mob,2004,
tillverkning_mob,2005,
tillverkning_mob,2006,
tillverkning_mob,2007,
tillverkning_mob,2008,58
tillverkning_mob,2009,55
tillverkning_mob,2010,54
tillverkning_mob,2011,56
tillverkning_mob,2012,52
tillverkning_mob,2013,50
tillverkning_mob,2014,48
tillverkning_mob,2015,47
tillverkning_mob,2016,48
tillverkning_mob,2017,44
tillverkning_mob,2018,43
tillverkning_mob,2019,42
tillverkning_mob,2020,38
tillverkning_mob,2021,39
tillverkning_mob,2022,41
tillverkning_mob,2023,
mobeltillverkning_anna,2000,
mobeltillverkning_anna,2001,
mobeltillverkning_anna,2002,
mobeltillverkning_anna,2003,
mobeltillverkning_anna,2004,
mobeltillverkning_anna,2005,
mobeltillverkning_anna,2006,
mobeltillverkning_anna,2007,
mobeltillverkning_anna,2008,95
mobeltillverkning_anna,2009,87
mobeltillverkning_anna,2010,87
mobeltillverkning_anna,2011,89
mobeltillverkning_anna,2012,86
mobeltillverkning_anna,2013,83
mobeltillverkning_anna,2014,79
mobeltillverkning_anna,2015,79
mobeltillverkning_anna,2016,81
mobeltillverkning_anna,2017,76
mobeltillverkning_anna,2018,75
mobeltillverkning_anna,2019,73
mobeltillverkning_anna,2020,70
mobeltillverkning_anna,2021,73
mobeltillverkning_anna,2022,77
mobeltillverkning_anna,2023,
tillverkning_avt,2000,
tillverkning_avt,2001,
tillverkning_avt,2002,
tillverkning_avt,2003,
tillverkning_avt,2004,
tillverkning_avt,2005,
tillverkning_avt,2006,
tillverkning_avt,2007,
tillverkning_avt,2008,19
tillverkning_avt,2009,15
tillverkning_avt,2010,15
tillverkning_avt,2011,15
tillverkning_avt,2012,14
tillverkning_avt,2013,15
tillverkning_avt,2014,15
tillverkning_avt,2015,15
tillverkning_avt,2016,13
tillverkning_avt,2017,14
tillverkning_avt,2018,14
tillverkning_avt,2019,13
tillverkning_avt,2020,12
tillverkning_avt,2021,11
tillverkning_avt,2022,12
tillverkning_avt,2023,
tillverkningsindustrin_c,2000,
tillverkningsindustrin_c,2001,
tillverkningsindustrin_c,2002,
tillverkningsindustrin_c,2003,
tillverkningsindustrin_c,2004,
tillverkningsindustrin_c,2005,
tillverkningsindustrin_c,2006,
tillverkningsindustrin_c,2007,
tillverkningsindustrin_c,2008,1178
tillverkningsindustrin_c,2009,1036
tillverkningsindustrin_c,2010,1051
tillverkningsindustrin_c,2011,1070
tillverkningsindustrin_c,2012,1026
tillverkningsindustrin_c,2013,1001
tillverkningsindustrin_c,2014,985
tillverkningsindustrin_c,2015,969
tillverkningsindustrin_c,2016,969
tillverkningsindustrin_c,2017,994
tillverkningsindustrin_c,2018,984
tillverkningsindustrin_c,2019,980
tillverkningsindustrin_c,2020,926
tillverkningsindustrin_c,2021,983
tillverkningsindustrin_c,2022,970
tillverkningsindustrin_c,2023,
marknadsproduktion_tjan,2000,
marknadsproduktion_tjan,2001,
marknadsproduktion_tjan,2002,
marknadsproduktion_tjan,2003,
marknadsproduktion_tjan,2004,
marknadsproduktion_tjan,2005,
marknadsproduktion_tjan,2006,
marknadsproduktion_tjan,2007,
marknadsproduktion_tjan,2008,3297
marknadsproduktion_tjan,2009,3241
marknadsproduktion_tjan,2010,3384
marknadsproduktion_tjan,2011,3492
marknadsproduktion_tjan,2012,3494
marknadsproduktion_tjan,2013,3525
marknadsproduktion_tjan,2014,3603
marknadsproduktion_tjan,2015,3700
marknadsproduktion_tjan,2016,3819
marknadsproduktion_tjan,2017,3879
marknadsproduktion_tjan,2018,3958
marknadsproduktion_tjan,2019,3957
marknadsproduktion_tjan,2020,3760
marknadsproduktion_tjan,2021,3864
marknadsproduktion_tjan,2022,4071
marknadsproduktion_tjan,2023,
transport_mag,2000,
transport_mag,2001,
transport_mag,2002,
transport_mag,2003,
transport_mag,2004,
transport_mag,2005,
transport_mag,2006,
transport_mag,2007,
transport_mag,2008,446
transport_mag,2009,417
transport_mag,2010,437
transport_mag,2011,442
transport_mag,2012,426
transport_mag,2013,420
transport_mag,2014,414
transport_mag,2015,413
transport_mag,2016,417
transport_mag,2017,425
transport_mag,2018,428
transport_mag,2019,424
transport_mag,2020,396
transport_mag,2021,405
transport_mag,2022,413
transport_mag,2023,
travaru_mass,2000,
travaru_mass,2001,
travaru_mass,2002,
travaru_mass,2003,
travaru_mass,2004,
travaru_mass,2005,
travaru_mass,2006,
travaru_mass,2007,
travaru_mass,2008,162
travaru_mass,2009,145
travaru_mass,2010,145
travaru_mass,2011,143
travaru_mass,2012,137
travaru_mass,2013,129
travaru_mass,2014,127
travaru_mass,2015,127
travaru_mass,2016,125
travaru_mass,2017,125
travaru_mass,2018,122
travaru_mass,2019,116
travaru_mass,2020,112
travaru_mass,2021,118
travaru_mass,2022,120
travaru_mass,2023,
utbildning,2000,
utbildning,2001,
utbildning,2002,
utbildning,2003,
utbildning,2004,
utbildning,2005,
utbildning,2006,
utbildning,2007,
utbildning,2008,79
utbildning,2009,86
utbildning,2010,92
utbildning,2011,100
utbildning,2012,107
utbildning,2013,106
utbildning,2014,109
utbildning,2015,113
utbildning,2016,117
utbildning,2017,122
utbildning,2018,124
utbildning,2019,123
utbildning,2020,122
utbildning,2021,126
utbildning,2022,121
utbildning,2023,
uthyrning_avf,2000,
uthyrning_avf,2001,
uthyrning_avf,2002,
uthyrning_avf,2003,
uthyrning_avf,2004,
uthyrning_avf,2005,
uthyrning_avf,2006,
uthyrning_avf,2007,
uthyrning_avf,2008,341
uthyrning_avf,2009,318
uthyrning_avf,2010,347
uthyrning_avf,2011,373
uthyrning_avf,2012,366
uthyrning_avf,2013,373
uthyrning_avf,2014,383
uthyrning_avf,2015,401
uthyrning_avf,2016,434
uthyrning_avf,2017,438
uthyrning_avf,2018,454
uthyrning_avf,2019,450
uthyrning_avf,2020,423
uthyrning_avf,2021,447
uthyrning_avf,2022,479
uthyrning_avf,2023,
uthyrningsfirmor,2000,
uthyrningsfirmor,2001,
uthyrningsfirmor,2002,
uthyrningsfirmor,2003,
uthyrningsfirmor,2004,
uthyrningsfirmor,2005,
uthyrningsfirmor,2006,
uthyrningsfirmor,2007,
uthyrningsfirmor,2008,24
uthyrningsfirmor,2009,22
uthyrningsfirmor,2010,22
uthyrningsfirmor,2011,23
uthyrningsfirmor,2012,24
uthyrningsfirmor,2013,23
uthyrningsfirmor,2014,23
uthyrningsfirmor,2015,23
uthyrningsfirmor,2016,26
uthyrningsfirmor,2017,26
uthyrningsfirmor,2018,28
uthyrningsfirmor,2019,31
uthyrningsfirmor,2020,28
uthyrningsfirmor,2021,30
uthyrningsfirmor,2022,30
uthyrningsfirmor,2023,
utvinning_min,2000,
utvinning_min,2001,
utvinning_min,2002,
utvinning_min,2003,
utvinning_min,2004,
utvinning_min,2005,
utvinning_min,2006,
utvinning_min,2007,
utvinning_min,2008,16
utvinning_min,2009,15
utvinning_min,2010,16
utvinning_min,2011,17
utvinning_min,2012,17
utvinning_min,2013,18
utvinning_min,2014,18
utvinning_min,2015,18
utvinning_min,2016,17
utvinning_min,2017,18
utvinning_min,2018,19
utvinning_min,2019,19
utvinning_min,2020,20
utvinning_min,2021,22
utvinning_min,2022,22
utvinning_min,2023,
varuproducenter_a,2000,
varuproducenter_a,2001,
varuproducenter_a,2002,
varuproducenter_a,2003,
varuproducenter_a,2004,
varuproducenter_a,2005,
varuproducenter_a,2006,
varuproducenter_a,2007,
varuproducenter_a,2008,2073
varuproducenter_a,2009,1920
varuproducenter_a,2010,1944
varuproducenter_a,2011,2001
varuproducenter_a,2012,1970
varuproducenter_a,2013,1961
varuproducenter_a,2014,1963
varuproducenter_a,2015,1955
varuproducenter_a,2016,1978
varuproducenter_a,2017,2014
varuproducenter_a,2018,2037
varuproducenter_a,2019,2036
varuproducenter_a,2020,1974
varuproducenter_a,2021,2028
varuproducenter_a,2022,2059
varuproducenter_a,2023,
vattenforsorjning_e,2000,
vattenforsorjning_e,2001,
vattenforsorjning_e,2002,
vattenforsorjning_e,2003,
vattenforsorjning_e,2004,
vattenforsorjning_e,2005,
vattenforsorjning_e,2006,
vattenforsorjning_e,2007,
vattenforsorjning_e,2008,4
vattenforsorjning_e,2009,4
vattenforsorjning_e,2010,4
vattenforsorjning_e,2011,4
vattenforsorjning_e,2012,5
vattenforsorjning_e,2013,5
vattenforsorjning_e,2014,5
vattenforsorjning_e,2015,5
vattenforsorjning_e,2016,6
vattenforsorjning_e,2017,6
vattenforsorjning_e,2018,6
vattenforsorjning_e,2019,6
vattenforsorjning_e,2020,7
vattenforsorjning_e,2021,7
vattenforsorjning_e,2022,7
vattenforsorjning_e,2023,
vard,2000,
vard,2001,
vard,2002,
vard,2003,
vard,2004,
vard,2005,
vard,2006,
vard,2007,
vard,2008,115
vard,2009,125
vard,2010,141
vard,2011,159
vard,2012,167
vard,2013,180
vard,2014,194
vard,2015,211
vard,2016,234
vard,2017,229
vard,2018,218
vard,2019,204
vard,2020,200
vard,2021,205
vard,2022,195
vard,2023,
ovrig_fast,2000,
ovrig_fast,2001,
ovrig_fast,2002,
ovrig_fast,2003,
ovrig_fast,2004,
ovrig_fast,2005,
ovrig_fast,2006,
ovrig_fast,2007,
ovrig_fast,2008,111
ovrig_fast,2009,111
ovrig_fast,2010,114
ovrig_fast,2011,117
ovrig_fast,2012,118
ovrig_fast,2013,122
ovrig_fast,2014,122
ovrig_fast,2015,127
ovrig_fast,2016,129
ovrig_fast,2017,133
ovrig_fast,2018,139
ovrig_fast,2019,142
ovrig_fast,2020,137
ovrig_fast,2021,143
ovrig_fast,2022,145
ovrig_fast,2023,
ovrig_mask,2000,
ovrig_mask,2001,
ovrig_mask,2002,
ovrig_mask,2003,
ovrig_mask,2004,
ovrig_mask,2005,
ovrig_mask,2006,
ovrig_mask,2007,
ovrig_mask,2008,159
ovrig_mask,2009,137
ovrig_mask,2010,138
ovrig_mask,2011,143
ovrig_mask,2012,136
ovrig_mask,2013,133
ovrig_mask,2014,128
ovrig_mask,2015,126
ovrig_mask,2016,126
ovrig_mask,2017,127
ovrig_mask,2018,130
ovrig_mask,2019,134
ovrig_mask,2020,129
ovrig_mask,2021,138
ovrig_mask,2022,124
ovrig_mask,2023,
