country,year,arbk_tim
tot,2003,
tot,2004,
tot,2005,
tot,2006,
tot,2007,
tot,2008,7501
tot,2009,7279
tot,2010,7453
tot,2011,7629
tot,2012,7621
tot,2013,7653
tot,2014,7769
tot,2015,7894
tot,2016,8112
tot,2017,8247
tot,2018,8381
tot,2019,8356
tot,2020,8086
tot,2021,8296
tot,2022,8555
tot,2023,
nrg_tot,2003,
nrg_tot,2004,
nrg_tot,2005,
nrg_tot,2006,
nrg_tot,2007,
nrg_tot,2008,5370
nrg_tot,2009,5161
nrg_tot,2010,5327
nrg_tot,2011,5492
nrg_tot,2012,5464
nrg_tot,2013,5485
nrg_tot,2014,5567
nrg_tot,2015,5655
nrg_tot,2016,5797
nrg_tot,2017,5892
nrg_tot,2018,5994
nrg_tot,2019,5993
nrg_tot,2020,5734
nrg_tot,2021,5892
nrg_tot,2022,6130
nrg_tot,2023,
varuprod,2003,
varuprod,2004,
varuprod,2005,
varuprod,2006,
varuprod,2007,
varuprod,2008,2073
varuprod,2009,1920
varuprod,2010,1944
varuprod,2011,2001
varuprod,2012,1970
varuprod,2013,1961
varuprod,2014,1963
varuprod,2015,1955
varuprod,2016,1978
varuprod,2017,2014
varuprod,2018,2037
varuprod,2019,2036
varuprod,2020,1974
varuprod,2021,2028
varuprod,2022,2059
varuprod,2023,
jrd_skg,2003,
jrd_skg,2004,
jrd_skg,2005,
jrd_skg,2006,
jrd_skg,2007,
jrd_skg,2008,235
jrd_skg,2009,235
jrd_skg,2010,236
jrd_skg,2011,254
jrd_skg,2012,257
jrd_skg,2013,264
jrd_skg,2014,270
jrd_skg,2015,264
jrd_skg,2016,250
jrd_skg,2017,250
jrd_skg,2018,260
jrd_skg,2019,249
jrd_skg,2020,253
jrd_skg,2021,234
jrd_skg,2022,241
jrd_skg,2023,
jrbk_serv,2003,
jrbk_serv,2004,
jrbk_serv,2005,
jrbk_serv,2006,
jrbk_serv,2007,
jrbk_serv,2008,158
jrbk_serv,2009,159
jrbk_serv,2010,160
jrbk_serv,2011,165
jrbk_serv,2012,161
jrbk_serv,2013,169
jrbk_serv,2014,171
jrbk_serv,2015,165
jrbk_serv,2016,159
jrbk_serv,2017,155
jrbk_serv,2018,159
jrbk_serv,2019,152
jrbk_serv,2020,162
jrbk_serv,2021,146
jrbk_serv,2022,150
jrbk_serv,2023,
skgb,2003,
skgb,2004,
skgb,2005,
skgb,2006,
skgb,2007,
skgb,2008,75
skgb,2009,73
skgb,2010,74
skgb,2011,86
skgb,2012,93
skgb,2013,93
skgb,2014,97
skgb,2015,97
skgb,2016,89
skgb,2017,93
skgb,2018,99
skgb,2019,95
skgb,2020,89
skgb,2021,85
skgb,2022,88
skgb,2023,
fsk_vtn,2003,
fsk_vtn,2004,
fsk_vtn,2005,
fsk_vtn,2006,
fsk_vtn,2007,
fsk_vtn,2008,2
fsk_vtn,2009,3
fsk_vtn,2010,3
fsk_vtn,2011,2
fsk_vtn,2012,2
fsk_vtn,2013,2
fsk_vtn,2014,2
fsk_vtn,2015,2
fsk_vtn,2016,2
fsk_vtn,2017,2
fsk_vtn,2018,2
fsk_vtn,2019,2
fsk_vtn,2020,2
fsk_vtn,2021,3
fsk_vtn,2022,3
fsk_vtn,2023,
grv_min,2003,
grv_min,2004,
grv_min,2005,
grv_min,2006,
grv_min,2007,
grv_min,2008,1194
grv_min,2009,1051
grv_min,2010,1067
grv_min,2011,1087
grv_min,2012,1043
grv_min,2013,1019
grv_min,2014,1003
grv_min,2015,986
grv_min,2016,986
grv_min,2017,1012
grv_min,2018,1003
grv_min,2019,999
grv_min,2020,947
grv_min,2021,1005
grv_min,2022,992
grv_min,2023,
utv_min,2003,
utv_min,2004,
utv_min,2005,
utv_min,2006,
utv_min,2007,
utv_min,2008,16
utv_min,2009,15
utv_min,2010,16
utv_min,2011,17
utv_min,2012,17
utv_min,2013,18
utv_min,2014,18
utv_min,2015,18
utv_min,2016,17
utv_min,2017,18
utv_min,2018,19
utv_min,2019,19
utv_min,2020,20
utv_min,2021,22
utv_min,2022,22
utv_min,2023,
tilv_ind,2003,
tilv_ind,2004,
tilv_ind,2005,
tilv_ind,2006,
tilv_ind,2007,
tilv_ind,2008,1178
tilv_ind,2009,1036
tilv_ind,2010,1051
tilv_ind,2011,1070
tilv_ind,2012,1026
tilv_ind,2013,1001
tilv_ind,2014,985
tilv_ind,2015,969
tilv_ind,2016,969
tilv_ind,2017,994
tilv_ind,2018,984
tilv_ind,2019,980
tilv_ind,2020,926
tilv_ind,2021,983
tilv_ind,2022,970
tilv_ind,2023,
livs_dk,2003,
livs_dk,2004,
livs_dk,2005,
livs_dk,2006,
livs_dk,2007,
livs_dk,2008,104
livs_dk,2009,102
livs_dk,2010,105
livs_dk,2011,101
livs_dk,2012,98
livs_dk,2013,96
livs_dk,2014,96
livs_dk,2015,97
livs_dk,2016,98
livs_dk,2017,102
livs_dk,2018,95
livs_dk,2019,95
livs_dk,2020,94
livs_dk,2021,93
livs_dk,2022,91
livs_dk,2023,
tilv_txtl,2003,
tilv_txtl,2004,
tilv_txtl,2005,
tilv_txtl,2006,
tilv_txtl,2007,
tilv_txtl,2008,19
tilv_txtl,2009,15
tilv_txtl,2010,15
tilv_txtl,2011,15
tilv_txtl,2012,14
tilv_txtl,2013,15
tilv_txtl,2014,15
tilv_txtl,2015,15
tilv_txtl,2016,13
tilv_txtl,2017,14
tilv_txtl,2018,14
tilv_txtl,2019,13
tilv_txtl,2020,12
tilv_txtl,2021,11
tilv_txtl,2022,12
tilv_txtl,2023,
ind_tra,2003,
ind_tra,2004,
ind_tra,2005,
ind_tra,2006,
ind_tra,2007,
ind_tra,2008,64
ind_tra,2009,55
ind_tra,2010,57
ind_tra,2011,58
ind_tra,2012,55
ind_tra,2013,52
ind_tra,2014,52
ind_tra,2015,54
ind_tra,2016,54
ind_tra,2017,55
ind_tra,2018,53
ind_tra,2019,52
ind_tra,2020,52
ind_tra,2021,58
ind_tra,2022,58
ind_tra,2023,
trv_msa,2003,
trv_msa,2004,
trv_msa,2005,
trv_msa,2006,
trv_msa,2007,
trv_msa,2008,162
trv_msa,2009,145
trv_msa,2010,145
trv_msa,2011,143
trv_msa,2012,137
trv_msa,2013,129
trv_msa,2014,127
trv_msa,2015,127
trv_msa,2016,125
trv_msa,2017,125
trv_msa,2018,122
trv_msa,2019,116
trv_msa,2020,112
trv_msa,2021,118
trv_msa,2022,120
trv_msa,2023,
msa_ppr,2003,
msa_ppr,2004,
msa_ppr,2005,
msa_ppr,2006,
msa_ppr,2007,
msa_ppr,2008,62
msa_ppr,2009,58
msa_ppr,2010,57
msa_ppr,2011,56
msa_ppr,2012,54
msa_ppr,2013,51
msa_ppr,2014,50
msa_ppr,2015,49
msa_ppr,2016,49
msa_ppr,2017,49
msa_ppr,2018,49
msa_ppr,2019,47
msa_ppr,2020,46
msa_ppr,2021,47
msa_ppr,2022,48
msa_ppr,2023,
grf_rep,2003,
grf_rep,2004,
grf_rep,2005,
grf_rep,2006,
grf_rep,2007,
grf_rep,2008,36
grf_rep,2009,32
grf_rep,2010,31
grf_rep,2011,29
grf_rep,2012,28
grf_rep,2013,26
grf_rep,2014,25
grf_rep,2015,24
grf_rep,2016,22
grf_rep,2017,21
grf_rep,2018,20
grf_rep,2019,17
grf_rep,2020,13
grf_rep,2021,14
grf_rep,2022,14
grf_rep,2023,
ind_stn,2003,
ind_stn,2004,
ind_stn,2005,
ind_stn,2006,
ind_stn,2007,
ind_stn,2008,4
ind_stn,2009,4
ind_stn,2010,4
ind_stn,2011,4
ind_stn,2012,4
ind_stn,2013,4
ind_stn,2014,4
ind_stn,2015,4
ind_stn,2016,5
ind_stn,2017,5
ind_stn,2018,5
ind_stn,2019,5
ind_stn,2020,5
ind_stn,2021,5
ind_stn,2022,5
ind_stn,2023,
tilv_kem,2003,
tilv_kem,2004,
tilv_kem,2005,
tilv_kem,2006,
tilv_kem,2007,
tilv_kem,2008,67
tilv_kem,2009,62
tilv_kem,2010,61
tilv_kem,2011,59
tilv_kem,2012,59
tilv_kem,2013,57
tilv_kem,2014,56
tilv_kem,2015,56
tilv_kem,2016,54
tilv_kem,2017,56
tilv_kem,2018,57
tilv_kem,2019,56
tilv_kem,2020,60
tilv_kem,2021,59
tilv_kem,2022,63
tilv_kem,2023,
gmi_pls,2003,
gmi_pls,2004,
gmi_pls,2005,
gmi_pls,2006,
gmi_pls,2007,
gmi_pls,2008,43
gmi_pls,2009,38
gmi_pls,2010,42
gmi_pls,2011,42
gmi_pls,2012,39
gmi_pls,2013,37
gmi_pls,2014,37
gmi_pls,2015,36
gmi_pls,2016,36
gmi_pls,2017,36
gmi_pls,2018,38
gmi_pls,2019,36
gmi_pls,2020,36
gmi_pls,2021,39
gmi_pls,2022,38
gmi_pls,2023,
gmi_plst,2003,
gmi_plst,2004,
gmi_plst,2005,
gmi_plst,2006,
gmi_plst,2007,
gmi_plst,2008,80
gmi_plst,2009,71
gmi_plst,2010,77
gmi_plst,2011,82
gmi_plst,2012,78
gmi_plst,2013,74
gmi_plst,2014,71
gmi_plst,2015,72
gmi_plst,2016,71
gmi_plst,2017,73
gmi_plst,2018,76
gmi_plst,2019,71
gmi_plst,2020,69
gmi_plst,2021,72
gmi_plst,2022,71
gmi_plst,2023,
ind_min,2003,
ind_min,2004,
ind_min,2005,
ind_min,2006,
ind_min,2007,
ind_min,2008,37
ind_min,2009,32
ind_min,2010,35
ind_min,2011,40
ind_min,2012,39
ind_min,2013,37
ind_min,2014,34
ind_min,2015,35
ind_min,2016,36
ind_min,2017,37
ind_min,2018,38
ind_min,2019,35
ind_min,2020,33
ind_min,2021,34
ind_min,2022,33
ind_min,2023,
stl_met,2003,
stl_met,2004,
stl_met,2005,
stl_met,2006,
stl_met,2007,
stl_met,2008,61
stl_met,2009,51
stl_met,2010,55
stl_met,2011,57
stl_met,2012,52
stl_met,2013,51
stl_met,2014,51
stl_met,2015,50
stl_met,2016,48
stl_met,2017,48
stl_met,2018,48
stl_met,2019,47
stl_met,2020,42
stl_met,2021,46
stl_met,2022,47
stl_met,2023,
stl_mtl,2003,
stl_mtl,2004,
stl_mtl,2005,
stl_mtl,2006,
stl_mtl,2007,
stl_mtl,2008,220
stl_mtl,2009,182
stl_mtl,2010,184
stl_mtl,2011,194
stl_mtl,2012,188
stl_mtl,2013,184
stl_mtl,2014,183
stl_mtl,2015,178
stl_mtl,2016,177
stl_mtl,2017,178
stl_mtl,2018,179
stl_mtl,2019,179
stl_mtl,2020,159
stl_mtl,2021,178
stl_mtl,2022,168
stl_mtl,2023,
ind_met_,2003,
ind_met_,2004,
ind_met_,2005,
ind_met_,2006,
ind_met_,2007,
ind_met_,2008,158
ind_met_,2009,131
ind_met_,2010,130
ind_met_,2011,137
ind_met_,2012,136
ind_met_,2013,133
ind_met_,2014,132
ind_met_,2015,128
ind_met_,2016,129
ind_met_,2017,130
ind_met_,2018,131
ind_met_,2019,131
ind_met_,2020,117
ind_met_,2021,132
ind_met_,2022,120
ind_met_,2023,
ind_dat_ejel,2003,
ind_dat_ejel,2004,
ind_dat_ejel,2005,
ind_dat_ejel,2006,
ind_dat_ejel,2007,
ind_dat_ejel,2008,47
ind_dat_ejel,2009,48
ind_dat_ejel,2010,47
ind_dat_ejel,2011,45
ind_dat_ejel,2012,46
ind_dat_ejel,2013,45
ind_dat_ejel,2014,43
ind_dat_ejel,2015,30
ind_dat_ejel,2016,29
ind_dat_ejel,2017,28
ind_dat_ejel,2018,31
ind_dat_ejel,2019,32
ind_dat_ejel,2020,32
ind_dat_ejel,2021,35
ind_dat_ejel,2022,34
ind_dat_ejel,2023,
ind_elap,2003,
ind_elap,2004,
ind_elap,2005,
ind_elap,2006,
ind_elap,2007,
ind_elap,2008,45
ind_elap,2009,42
ind_elap,2010,42
ind_elap,2011,43
ind_elap,2012,42
ind_elap,2013,41
ind_elap,2014,41
ind_elap,2015,37
ind_elap,2016,37
ind_elap,2017,47
ind_elap,2018,37
ind_elap,2019,43
ind_elap,2020,36
ind_elap,2021,36
ind_elap,2022,39
ind_elap,2023,
elap,2003,
elap,2004,
elap,2005,
elap,2006,
elap,2007,
elap,2008,159
elap,2009,137
elap,2010,138
elap,2011,143
elap,2012,136
elap,2013,133
elap,2014,128
elap,2015,126
elap,2016,126
elap,2017,127
elap,2018,130
elap,2019,134
elap,2020,129
elap,2021,138
elap,2022,124
elap,2023,
ind_mot_vag,2003,
ind_mot_vag,2004,
ind_mot_vag,2005,
ind_mot_vag,2006,
ind_mot_vag,2007,
ind_mot_vag,2008,147
ind_mot_vag,2009,112
ind_mot_vag,2010,117
ind_mot_vag,2011,121
ind_mot_vag,2012,109
ind_mot_vag,2013,112
ind_mot_vag,2014,114
ind_mot_vag,2015,117
ind_mot_vag,2016,124
ind_mot_vag,2017,132
ind_mot_vag,2018,134
ind_mot_vag,2019,134
ind_mot_vag,2020,123
ind_mot_vag,2021,135
ind_mot_vag,2022,137
ind_mot_vag,2023,
ann_transp,2003,
ann_transp,2004,
ann_transp,2005,
ann_transp,2006,
ann_transp,2007,
ann_transp,2008,30
ann_transp,2009,31
ann_transp,2010,30
ann_transp,2011,30
ann_transp,2012,29
ann_transp,2013,29
ann_transp,2014,29
ann_transp,2015,30
ann_transp,2016,29
ann_transp,2017,30
ann_transp,2018,28
ann_transp,2019,29
ann_transp,2020,28
ann_transp,2021,30
ann_transp,2022,29
ann_transp,2023,
tilv_mob,2003,
tilv_mob,2004,
tilv_mob,2005,
tilv_mob,2006,
tilv_mob,2007,
tilv_mob,2008,58
tilv_mob,2009,55
tilv_mob,2010,54
tilv_mob,2011,56
tilv_mob,2012,52
tilv_mob,2013,50
tilv_mob,2014,48
tilv_mob,2015,47
tilv_mob,2016,48
tilv_mob,2017,44
tilv_mob,2018,43
tilv_mob,2019,42
tilv_mob,2020,38
tilv_mob,2021,39
tilv_mob,2022,41
tilv_mob,2023,
tilv_mbler,2003,
tilv_mbler,2004,
tilv_mbler,2005,
tilv_mbler,2006,
tilv_mbler,2007,
tilv_mbler,2008,95
tilv_mbler,2009,87
tilv_mbler,2010,87
tilv_mbler,2011,89
tilv_mbler,2012,86
tilv_mbler,2013,83
tilv_mbler,2014,79
tilv_mbler,2015,79
tilv_mbler,2016,81
tilv_mbler,2017,76
tilv_mbler,2018,75
tilv_mbler,2019,73
tilv_mbler,2020,70
tilv_mbler,2021,73
tilv_mbler,2022,77
tilv_mbler,2023,
rep_inst,2003,
rep_inst,2004,
rep_inst,2005,
rep_inst,2006,
rep_inst,2007,
rep_inst,2008,36
rep_inst,2009,33
rep_inst,2010,32
rep_inst,2011,33
rep_inst,2012,34
rep_inst,2013,33
rep_inst,2014,31
rep_inst,2015,32
rep_inst,2016,33
rep_inst,2017,32
rep_inst,2018,33
rep_inst,2019,31
rep_inst,2020,31
rep_inst,2021,34
rep_inst,2022,35
rep_inst,2023,
frsg_el_gas,2003,
frsg_el_gas,2004,
frsg_el_gas,2005,
frsg_el_gas,2006,
frsg_el_gas,2007,
frsg_el_gas,2008,84
frsg_el_gas,2009,86
frsg_el_gas,2010,87
frsg_el_gas,2011,90
frsg_el_gas,2012,90
frsg_el_gas,2013,92
frsg_el_gas,2014,92
frsg_el_gas,2015,92
frsg_el_gas,2016,94
frsg_el_gas,2017,94
frsg_el_gas,2018,96
frsg_el_gas,2019,98
frsg_el_gas,2020,99
frsg_el_gas,2021,101
frsg_el_gas,2022,100
frsg_el_gas,2023,
el_gs_vrm,2003,
el_gs_vrm,2004,
el_gs_vrm,2005,
el_gs_vrm,2006,
el_gs_vrm,2007,
el_gs_vrm,2008,49
el_gs_vrm,2009,50
el_gs_vrm,2010,51
el_gs_vrm,2011,50
el_gs_vrm,2012,49
el_gs_vrm,2013,50
el_gs_vrm,2014,49
el_gs_vrm,2015,48
el_gs_vrm,2016,49
el_gs_vrm,2017,50
el_gs_vrm,2018,48
el_gs_vrm,2019,50
el_gs_vrm,2020,50
el_gs_vrm,2021,51
el_gs_vrm,2022,51
el_gs_vrm,2023,
vtnf,2003,
vtnf,2004,
vtnf,2005,
vtnf,2006,
vtnf,2007,
vtnf,2008,4
vtnf,2009,4
vtnf,2010,4
vtnf,2011,4
vtnf,2012,5
vtnf,2013,5
vtnf,2014,5
vtnf,2015,5
vtnf,2016,6
vtnf,2017,6
vtnf,2018,6
vtnf,2019,6
vtnf,2020,7
vtnf,2021,7
vtnf,2022,7
vtnf,2023,
avl_ren,2003,
avl_ren,2004,
avl_ren,2005,
avl_ren,2006,
avl_ren,2007,
avl_ren,2008,32
avl_ren,2009,32
avl_ren,2010,31
avl_ren,2011,35
avl_ren,2012,36
avl_ren,2013,37
avl_ren,2014,38
avl_ren,2015,38
avl_ren,2016,38
avl_ren,2017,39
avl_ren,2018,42
avl_ren,2019,42
avl_ren,2020,43
avl_ren,2021,43
avl_ren,2022,43
avl_ren,2023,
bygg,2003,
bygg,2004,
bygg,2005,
bygg,2006,
bygg,2007,
bygg,2008,559
bygg,2009,548
bygg,2010,553
bygg,2011,569
bygg,2012,580
bygg,2013,585
bygg,2014,598
bygg,2015,613
bygg,2016,647
bygg,2017,657
bygg,2018,678
bygg,2019,690
bygg,2020,675
bygg,2021,688
bygg,2022,725
bygg,2023,
tjnste_prod,2003,
tjnste_prod,2004,
tjnste_prod,2005,
tjnste_prod,2006,
tjnste_prod,2007,
tjnste_prod,2008,3297
tjnste_prod,2009,3241
tjnste_prod,2010,3384
tjnste_prod,2011,3492
tjnste_prod,2012,3494
tjnste_prod,2013,3525
tjnste_prod,2014,3603
tjnste_prod,2015,3700
tjnste_prod,2016,3819
tjnste_prod,2017,3879
tjnste_prod,2018,3958
tjnste_prod,2019,3957
tjnste_prod,2020,3760
tjnste_prod,2021,3864
tjnste_prod,2022,4071
tjnste_prod,2023,
hand,2003,
hand,2004,
hand,2005,
hand,2006,
hand,2007,
hand,2008,906
hand,2009,900
hand,2010,925
hand,2011,948
hand,2012,935
hand,2013,928
hand,2014,951
hand,2015,961
hand,2016,977
hand,2017,993
hand,2018,1012
hand,2019,1001
hand,2020,943
hand,2021,969
hand,2022,1028
hand,2023,
hnd_motc,2003,
hnd_motc,2004,
hnd_motc,2005,
hnd_motc,2006,
hnd_motc,2007,
hnd_motc,2008,129
hnd_motc,2009,125
hnd_motc,2010,128
hnd_motc,2011,134
hnd_motc,2012,140
hnd_motc,2013,135
hnd_motc,2014,138
hnd_motc,2015,141
hnd_motc,2016,146
hnd_motc,2017,149
hnd_motc,2018,156
hnd_motc,2019,150
hnd_motc,2020,150
hnd_motc,2021,150
hnd_motc,2022,154
hnd_motc,2023,
prt_prv,2003,
prt_prv,2004,
prt_prv,2005,
prt_prv,2006,
prt_prv,2007,
prt_prv,2008,365
prt_prv,2009,361
prt_prv,2010,359
prt_prv,2011,376
prt_prv,2012,365
prt_prv,2013,355
prt_prv,2014,364
prt_prv,2015,375
prt_prv,2016,378
prt_prv,2017,392
prt_prv,2018,404
prt_prv,2019,399
prt_prv,2020,365
prt_prv,2021,373
prt_prv,2022,403
prt_prv,2023,
det_hnd,2003,
det_hnd,2004,
det_hnd,2005,
det_hnd,2006,
det_hnd,2007,
det_hnd,2008,411
det_hnd,2009,415
det_hnd,2010,438
det_hnd,2011,437
det_hnd,2012,430
det_hnd,2013,437
det_hnd,2014,448
det_hnd,2015,446
det_hnd,2016,454
det_hnd,2017,452
det_hnd,2018,452
det_hnd,2019,452
det_hnd,2020,428
det_hnd,2021,445
det_hnd,2022,471
det_hnd,2023,
transp_mag,2003,
transp_mag,2004,
transp_mag,2005,
transp_mag,2006,
transp_mag,2007,
transp_mag,2008,446
transp_mag,2009,417
transp_mag,2010,437
transp_mag,2011,442
transp_mag,2012,426
transp_mag,2013,420
transp_mag,2014,414
transp_mag,2015,413
transp_mag,2016,417
transp_mag,2017,425
transp_mag,2018,428
transp_mag,2019,424
transp_mag,2020,396
transp_mag,2021,405
transp_mag,2022,413
transp_mag,2023,
lnd_transp,2003,
lnd_transp,2004,
lnd_transp,2005,
lnd_transp,2006,
lnd_transp,2007,
lnd_transp,2008,255
lnd_transp,2009,239
lnd_transp,2010,254
lnd_transp,2011,262
lnd_transp,2012,256
lnd_transp,2013,254
lnd_transp,2014,252
lnd_transp,2015,251
lnd_transp,2016,254
lnd_transp,2017,264
lnd_transp,2018,267
lnd_transp,2019,268
lnd_transp,2020,250
lnd_transp,2021,254
lnd_transp,2022,254
lnd_transp,2023,
red,2003,
red,2004,
red,2005,
red,2006,
red,2007,
red,2008,21
red,2009,21
red,2010,22
red,2011,21
red,2012,18
red,2013,16
red,2014,15
red,2015,15
red,2016,13
red,2017,14
red,2018,14
red,2019,15
red,2020,12
red,2021,11
red,2022,13
red,2023,
flg,2003,
flg,2004,
flg,2005,
flg,2006,
flg,2007,
flg,2008,13
flg,2009,11
flg,2010,12
flg,2011,13
flg,2012,16
flg,2013,15
flg,2014,11
flg,2015,10
flg,2016,10
flg,2017,10
flg,2018,11
flg,2019,11
flg,2020,8
flg,2021,6
flg,2022,7
flg,2023,
mag_std_trans,2003,
mag_std_trans,2004,
mag_std_trans,2005,
mag_std_trans,2006,
mag_std_trans,2007,
mag_std_trans,2008,157
mag_std_trans,2009,146
mag_std_trans,2010,148
mag_std_trans,2011,146
mag_std_trans,2012,137
mag_std_trans,2013,135
mag_std_trans,2014,136
mag_std_trans,2015,137
mag_std_trans,2016,140
mag_std_trans,2017,136
mag_std_trans,2018,136
mag_std_trans,2019,130
mag_std_trans,2020,126
mag_std_trans,2021,134
mag_std_trans,2022,139
mag_std_trans,2023,
htl_rest,2003,
htl_rest,2004,
htl_rest,2005,
htl_rest,2006,
htl_rest,2007,
htl_rest,2008,212
htl_rest,2009,213
htl_rest,2010,229
htl_rest,2011,237
htl_rest,2012,246
htl_rest,2013,261
htl_rest,2014,269
htl_rest,2015,283
htl_rest,2016,299
htl_rest,2017,306
htl_rest,2018,312
htl_rest,2019,309
htl_rest,2020,252
htl_rest,2021,235
htl_rest,2022,285
htl_rest,2023,
frlg_flm,2003,
frlg_flm,2004,
frlg_flm,2005,
frlg_flm,2006,
frlg_flm,2007,
frlg_flm,2008,71
frlg_flm,2009,70
frlg_flm,2010,68
frlg_flm,2011,69
frlg_flm,2012,69
frlg_flm,2013,68
frlg_flm,2014,68
frlg_flm,2015,77
frlg_flm,2016,75
frlg_flm,2017,76
frlg_flm,2018,79
frlg_flm,2019,76
frlg_flm,2020,77
frlg_flm,2021,84
frlg_flm,2022,83
frlg_flm,2023,
frlg,2003,
frlg,2004,
frlg,2005,
frlg,2006,
frlg,2007,
frlg,2008,54
frlg,2009,52
frlg,2010,50
frlg,2011,50
frlg,2012,49
frlg,2013,48
frlg,2014,47
frlg,2015,55
frlg,2016,52
frlg,2017,54
frlg,2018,56
frlg,2019,53
frlg,2020,54
frlg,2021,58
frlg,2022,59
frlg,2023,
flm_ljd_vid,2003,
flm_ljd_vid,2004,
flm_ljd_vid,2005,
flm_ljd_vid,2006,
flm_ljd_vid,2007,
flm_ljd_vid,2008,17
flm_ljd_vid,2009,18
flm_ljd_vid,2010,18
flm_ljd_vid,2011,19
flm_ljd_vid,2012,20
flm_ljd_vid,2013,20
flm_ljd_vid,2014,21
flm_ljd_vid,2015,22
flm_ljd_vid,2016,23
flm_ljd_vid,2017,22
flm_ljd_vid,2018,23
flm_ljd_vid,2019,23
flm_ljd_vid,2020,23
flm_ljd_vid,2021,26
flm_ljd_vid,2022,24
flm_ljd_vid,2023,
telekom,2003,
telekom,2004,
telekom,2005,
telekom,2006,
telekom,2007,
telekom,2008,52
telekom,2009,51
telekom,2010,49
telekom,2011,46
telekom,2012,47
telekom,2013,45
telekom,2014,47
telekom,2015,45
telekom,2016,44
telekom,2017,43
telekom,2018,40
telekom,2019,40
telekom,2020,38
telekom,2021,39
telekom,2022,38
telekom,2023,
prog_inf,2003,
prog_inf,2004,
prog_inf,2005,
prog_inf,2006,
prog_inf,2007,
prog_inf,2008,204
prog_inf,2009,191
prog_inf,2010,199
prog_inf,2011,211
prog_inf,2012,212
prog_inf,2013,212
prog_inf,2014,222
prog_inf,2015,227
prog_inf,2016,220
prog_inf,2017,227
prog_inf,2018,242
prog_inf,2019,259
prog_inf,2020,265
prog_inf,2021,267
prog_inf,2022,297
prog_inf,2023,
fnans_frsk,2003,
fnans_frsk,2004,
fnans_frsk,2005,
fnans_frsk,2006,
fnans_frsk,2007,
fnans_frsk,2008,149
fnans_frsk,2009,145
fnans_frsk,2010,146
fnans_frsk,2011,147
fnans_frsk,2012,143
fnans_frsk,2013,141
fnans_frsk,2014,142
fnans_frsk,2015,143
fnans_frsk,2016,143
fnans_frsk,2017,134
fnans_frsk,2018,135
fnans_frsk,2019,139
fnans_frsk,2020,160
fnans_frsk,2021,162
fnans_frsk,2022,166
fnans_frsk,2023,
bnk_kred,2003,
bnk_kred,2004,
bnk_kred,2005,
bnk_kred,2006,
bnk_kred,2007,
bnk_kred,2008,81
bnk_kred,2009,79
bnk_kred,2010,79
bnk_kred,2011,80
bnk_kred,2012,78
bnk_kred,2013,74
bnk_kred,2014,74
bnk_kred,2015,77
bnk_kred,2016,81
bnk_kred,2017,74
bnk_kred,2018,75
bnk_kred,2019,83
bnk_kred,2020,93
bnk_kred,2021,92
bnk_kred,2022,95
bnk_kred,2023,
frsk_pens,2003,
frsk_pens,2004,
frsk_pens,2005,
frsk_pens,2006,
frsk_pens,2007,
frsk_pens,2008,38
frsk_pens,2009,38
frsk_pens,2010,38
frsk_pens,2011,37
frsk_pens,2012,39
frsk_pens,2013,39
frsk_pens,2014,39
frsk_pens,2015,40
frsk_pens,2016,36
frsk_pens,2017,34
frsk_pens,2018,36
frsk_pens,2019,31
frsk_pens,2020,36
frsk_pens,2021,39
frsk_pens,2022,39
frsk_pens,2023,
serv_frsk,2003,
serv_frsk,2004,
serv_frsk,2005,
serv_frsk,2006,
serv_frsk,2007,
serv_frsk,2008,29
serv_frsk,2009,28
serv_frsk,2010,29
serv_frsk,2011,30
serv_frsk,2012,27
serv_frsk,2013,28
serv_frsk,2014,28
serv_frsk,2015,27
serv_frsk,2016,25
serv_frsk,2017,25
serv_frsk,2018,24
serv_frsk,2019,25
serv_frsk,2020,31
serv_frsk,2021,32
serv_frsk,2022,31
serv_frsk,2023,
sm_hus,2003,
sm_hus,2004,
sm_hus,2005,
sm_hus,2006,
sm_hus,2007,
sm_hus,2008,
sm_hus,2009,
sm_hus,2010,
sm_hus,2011,
sm_hus,2012,
sm_hus,2013,
sm_hus,2014,
sm_hus,2015,
sm_hus,2016,
sm_hus,2017,
sm_hus,2018,
sm_hus,2019,
sm_hus,2020,
sm_hus,2021,
sm_hus,2022,
sm_hus,2023,
fast_ovrg,2003,
fast_ovrg,2004,
fast_ovrg,2005,
fast_ovrg,2006,
fast_ovrg,2007,
fast_ovrg,2008,111
fast_ovrg,2009,111
fast_ovrg,2010,114
fast_ovrg,2011,117
fast_ovrg,2012,118
fast_ovrg,2013,122
fast_ovrg,2014,122
fast_ovrg,2015,127
fast_ovrg,2016,129
fast_ovrg,2017,133
fast_ovrg,2018,139
fast_ovrg,2019,142
fast_ovrg,2020,137
fast_ovrg,2021,143
fast_ovrg,2022,145
fast_ovrg,2023,
jur_ek_hvd,2003,
jur_ek_hvd,2004,
jur_ek_hvd,2005,
jur_ek_hvd,2006,
jur_ek_hvd,2007,
jur_ek_hvd,2008,128
jur_ek_hvd,2009,126
jur_ek_hvd,2010,133
jur_ek_hvd,2011,138
jur_ek_hvd,2012,141
jur_ek_hvd,2013,146
jur_ek_hvd,2014,150
jur_ek_hvd,2015,156
jur_ek_hvd,2016,157
jur_ek_hvd,2017,165
jur_ek_hvd,2018,176
jur_ek_hvd,2019,182
jur_ek_hvd,2020,176
jur_ek_hvd,2021,184
jur_ek_hvd,2022,199
jur_ek_hvd,2023,
ark_tek_vet,2003,
ark_tek_vet,2004,
ark_tek_vet,2005,
ark_tek_vet,2006,
ark_tek_vet,2007,
ark_tek_vet,2008,145
ark_tek_vet,2009,148
ark_tek_vet,2010,153
ark_tek_vet,2011,156
ark_tek_vet,2012,156
ark_tek_vet,2013,161
ark_tek_vet,2014,161
ark_tek_vet,2015,164
ark_tek_vet,2016,179
ark_tek_vet,2017,185
ark_tek_vet,2018,192
ark_tek_vet,2019,204
ark_tek_vet,2020,193
ark_tek_vet,2021,202
ark_tek_vet,2022,225
ark_tek_vet,2023,
rek_mrknd,2003,
rek_mrknd,2004,
rek_mrknd,2005,
rek_mrknd,2006,
rek_mrknd,2007,
rek_mrknd,2008,91
rek_mrknd,2009,86
rek_mrknd,2010,90
rek_mrknd,2011,88
rek_mrknd,2012,87
rek_mrknd,2013,85
rek_mrknd,2014,84
rek_mrknd,2015,88
rek_mrknd,2016,90
rek_mrknd,2017,94
rek_mrknd,2018,88
rek_mrknd,2019,87
rek_mrknd,2020,82
rek_mrknd,2021,85
rek_mrknd,2022,89
rek_mrknd,2023,
hyr_fast,2003,
hyr_fast,2004,
hyr_fast,2005,
hyr_fast,2006,
hyr_fast,2007,
hyr_fast,2008,341
hyr_fast,2009,318
hyr_fast,2010,347
hyr_fast,2011,373
hyr_fast,2012,366
hyr_fast,2013,373
hyr_fast,2014,383
hyr_fast,2015,401
hyr_fast,2016,434
hyr_fast,2017,438
hyr_fast,2018,454
hyr_fast,2019,450
hyr_fast,2020,423
hyr_fast,2021,447
hyr_fast,2022,479
hyr_fast,2023,
uthyrf,2003,
uthyrf,2004,
uthyrf,2005,
uthyrf,2006,
uthyrf,2007,
uthyrf,2008,24
uthyrf,2009,22
uthyrf,2010,22
uthyrf,2011,23
uthyrf,2012,24
uthyrf,2013,23
uthyrf,2014,23
uthyrf,2015,23
uthyrf,2016,26
uthyrf,2017,26
uthyrf,2018,28
uthyrf,2019,31
uthyrf,2020,28
uthyrf,2021,30
uthyrf,2022,30
uthyrf,2023,
arbf_res,2003,
arbf_res,2004,
arbf_res,2005,
arbf_res,2006,
arbf_res,2007,
arbf_res,2008,318
arbf_res,2009,296
arbf_res,2010,325
arbf_res,2011,350
arbf_res,2012,342
arbf_res,2013,350
arbf_res,2014,360
arbf_res,2015,378
arbf_res,2016,408
arbf_res,2017,412
arbf_res,2018,426
arbf_res,2019,419
arbf_res,2020,395
arbf_res,2021,417
arbf_res,2022,449
arbf_res,2023,
utbild,2003,
utbild,2004,
utbild,2005,
utbild,2006,
utbild,2007,
utbild,2008,79
utbild,2009,86
utbild,2010,92
utbild,2011,100
utbild,2012,107
utbild,2013,106
utbild,2014,109
utbild,2015,113
utbild,2016,117
utbild,2017,122
utbild,2018,124
utbild,2019,123
utbild,2020,122
utbild,2021,126
utbild,2022,121
utbild,2023,
hls_sjkvrd,2003,
hls_sjkvrd,2004,
hls_sjkvrd,2005,
hls_sjkvrd,2006,
hls_sjkvrd,2007,
hls_sjkvrd,2008,77
hls_sjkvrd,2009,78
hls_sjkvrd,2010,80
hls_sjkvrd,2011,85
hls_sjkvrd,2012,87
hls_sjkvrd,2013,89
hls_sjkvrd,2014,91
hls_sjkvrd,2015,93
hls_sjkvrd,2016,99
hls_sjkvrd,2017,102
hls_sjkvrd,2018,104
hls_sjkvrd,2019,101
hls_sjkvrd,2020,97
hls_sjkvrd,2021,112
hls_sjkvrd,2022,106
hls_sjkvrd,2023,
vrd_oms,2003,
vrd_oms,2004,
vrd_oms,2005,
vrd_oms,2006,
vrd_oms,2007,
vrd_oms,2008,115
vrd_oms,2009,125
vrd_oms,2010,141
vrd_oms,2011,159
vrd_oms,2012,167
vrd_oms,2013,180
vrd_oms,2014,194
vrd_oms,2015,211
vrd_oms,2016,234
vrd_oms,2017,229
vrd_oms,2018,218
vrd_oms,2019,204
vrd_oms,2020,200
vrd_oms,2021,205
vrd_oms,2022,195
vrd_oms,2023,
kult_frit,2003,
kult_frit,2004,
kult_frit,2005,
kult_frit,2006,
kult_frit,2007,
kult_frit,2008,74
kult_frit,2009,72
kult_frit,2010,78
kult_frit,2011,78
kult_frit,2012,81
kult_frit,2013,81
kult_frit,2014,86
kult_frit,2015,83
kult_frit,2016,92
kult_frit,2017,95
kult_frit,2018,97
kult_frit,2019,100
kult_frit,2020,86
kult_frit,2021,88
kult_frit,2022,85
kult_frit,2023,
ann_serv,2003,
ann_serv,2004,
ann_serv,2005,
ann_serv,2006,
ann_serv,2007,
ann_serv,2008,98
ann_serv,2009,103
ann_serv,2010,103
ann_serv,2011,99
ann_serv,2012,105
ann_serv,2013,107
ann_serv,2014,111
ann_serv,2015,115
ann_serv,2016,114
ann_serv,2017,112
ann_serv,2018,118
ann_serv,2019,117
ann_serv,2020,115
ann_serv,2021,112
ann_serv,2022,117
ann_serv,2023,
hsh_icke,2003,
hsh_icke,2004,
hsh_icke,2005,
hsh_icke,2006,
hsh_icke,2007,
hsh_icke,2008,155
hsh_icke,2009,163
hsh_icke,2010,161
hsh_icke,2011,165
hsh_icke,2012,171
hsh_icke,2013,171
hsh_icke,2014,171
hsh_icke,2015,179
hsh_icke,2016,176
hsh_icke,2017,178
hsh_icke,2018,180
hsh_icke,2019,177
hsh_icke,2020,176
hsh_icke,2021,172
hsh_icke,2022,179
hsh_icke,2023,
off_myn,2003,
off_myn,2004,
off_myn,2005,
off_myn,2006,
off_myn,2007,
off_myn,2008,1976
off_myn,2009,1955
off_myn,2010,1964
off_myn,2011,1972
off_myn,2012,1986
off_myn,2013,1997
off_myn,2014,2032
off_myn,2015,2060
off_myn,2016,2139
off_myn,2017,2177
off_myn,2018,2206
off_myn,2019,2186
off_myn,2020,2176
off_myn,2021,2232
off_myn,2022,2245
off_myn,2023,
stat_myn,2003,
stat_myn,2004,
stat_myn,2005,
stat_myn,2006,
stat_myn,2007,
stat_myn,2008,387
stat_myn,2009,385
stat_myn,2010,399
stat_myn,2011,394
stat_myn,2012,406
stat_myn,2013,410
stat_myn,2014,414
stat_myn,2015,417
stat_myn,2016,425
stat_myn,2017,426
stat_myn,2018,436
stat_myn,2019,432
stat_myn,2020,444
stat_myn,2021,461
stat_myn,2022,464
stat_myn,2023,
kom_mynd,2003,
kom_mynd,2004,
kom_mynd,2005,
kom_mynd,2006,
kom_mynd,2007,
kom_mynd,2008,1588
kom_mynd,2009,1571
kom_mynd,2010,1566
kom_mynd,2011,1578
kom_mynd,2012,1580
kom_mynd,2013,1587
kom_mynd,2014,1618
kom_mynd,2015,1642
kom_mynd,2016,1714
kom_mynd,2017,1750
kom_mynd,2018,1770
kom_mynd,2019,1755
kom_mynd,2020,1732
kom_mynd,2021,1771
kom_mynd,2022,1781
kom_mynd,2023,
prim_myn,2003,
prim_myn,2004,
prim_myn,2005,
prim_myn,2006,
prim_myn,2007,
prim_myn,2008,1189
prim_myn,2009,1173
prim_myn,2010,1172
prim_myn,2011,1182
prim_myn,2012,1188
prim_myn,2013,1191
prim_myn,2014,1215
prim_myn,2015,1234
prim_myn,2016,1299
prim_myn,2017,1333
prim_myn,2018,1340
prim_myn,2019,1322
prim_myn,2020,1292
prim_myn,2021,1315
prim_myn,2022,1326
prim_myn,2023,
reg_mynd,2003,
reg_mynd,2004,
reg_mynd,2005,
reg_mynd,2006,
reg_mynd,2007,
reg_mynd,2008,399
reg_mynd,2009,398
reg_mynd,2010,393
reg_mynd,2011,395
reg_mynd,2012,392
reg_mynd,2013,396
reg_mynd,2014,402
reg_mynd,2015,409
reg_mynd,2016,414
reg_mynd,2017,418
reg_mynd,2018,431
reg_mynd,2019,433
reg_mynd,2020,440
reg_mynd,2021,455
reg_mynd,2022,455
reg_mynd,2023,
