concept,concept_type,name,name_short,name_catalog,unit,description,tags,domain,source_url,indicator_url
losn_farl,measure,Lösningsmedelsavfall (Farligt avfall (ton)),Lösningsmedelsavfall,Lösningsmedelsavfall,ton,Icke-blandat avfall & Icke-gruvavfall.  Källa: Naturvårdsverket,farligt,,https://www.naturvardsverket.se/,https://www.naturvardsverket.se/
losn_icke_farl,measure,Lösningsmedelsavfall (Icke-farligt avfall (ton)),Lösningsmedelsavfall,Lösningsmedelsavfall,ton,Icke-blandat avfall & Icke-gruvavfall.  Källa: Naturvårdsverket,ej_farligt,,https://www.naturvardsverket.se/,https://www.naturvardsverket.se/
surt_farl,measure,Surt: alkaliskt eller salthaltigt avfall (Farligt avfall (ton)),Surt: alkaliskt eller salthaltigt avfall,Surt: alkaliskt eller salthaltigt avfall,ton,Icke-blandat avfall & Icke-gruvavfall.  Källa: Naturvårdsverket,farligt,,https://www.naturvardsverket.se/,https://www.naturvardsverket.se/
surt_icke_farl,measure,Surt: alkaliskt eller salthaltigt avfall (Icke-farligt avfall (ton)),Surt: alkaliskt eller salthaltigt avfall,Surt: alkaliskt eller salthaltigt avfall,ton,Icke-blandat avfall & Icke-gruvavfall.  Källa: Naturvårdsverket,ej_farligt,,https://www.naturvardsverket.se/,https://www.naturvardsverket.se/
olje_farl,measure,Oljeavfall (Farligt avfall (ton)),Oljeavfall,Oljeavfall,ton,Icke-blandat avfall & Icke-gruvavfall.  Källa: Naturvårdsverket,farligt,,https://www.naturvardsverket.se/,https://www.naturvardsverket.se/
olje_icke_farl,measure,Oljeavfall (Icke-farligt avfall (ton)),Oljeavfall,Oljeavfall,ton,Icke-blandat avfall & Icke-gruvavfall.  Källa: Naturvårdsverket,ej_farligt,,https://www.naturvardsverket.se/,https://www.naturvardsverket.se/
kem_farl,measure,Kemiska rester (Farligt avfall (ton)),Kemiska rester,Kemiska rester,ton,Icke-blandat avfall & Icke-gruvavfall.  Källa: Naturvårdsverket,farligt,,https://www.naturvardsverket.se/,https://www.naturvardsverket.se/
kem_icke_farl,measure,Kemiska rester (Icke-farligt avfall (ton)),Kemiska rester,Kemiska rester,ton,Icke-blandat avfall & Icke-gruvavfall.  Källa: Naturvårdsverket,ej_farligt,,https://www.naturvardsverket.se/,https://www.naturvardsverket.se/
avlopp_farl,measure,Avloppsslam från industrier (torrvikt) (Farligt avfall (ton)),Avloppsslam från industrier (torrvikt),Avloppsslam från industrier (torrvikt),ton,Icke-blandat avfall & Icke-gruvavfall.  Källa: Naturvårdsverket,farligt,,https://www.naturvardsverket.se/,https://www.naturvardsverket.se/
avlopp_icke_farl,measure,Avloppsslam från industrier (torrvikt) (Icke-farligt avfall (ton)),Avloppsslam från industrier (torrvikt),Avloppsslam från industrier (torrvikt),ton,Icke-blandat avfall & Icke-gruvavfall.  Källa: Naturvårdsverket,ej_farligt,,https://www.naturvardsverket.se/,https://www.naturvardsverket.se/
slam_farl,measure,Slam och vätskor från avfallshantering (torrvikt) (Farligt avfall (ton)),Slam och vätskor från avfallshantering (torrvikt),Slam och vätskor från avfallshantering (torrvikt),ton,Icke-blandat avfall & Icke-gruvavfall.  Källa: Naturvårdsverket,farligt,,https://www.naturvardsverket.se/,https://www.naturvardsverket.se/
slam_icke_farl,measure,Slam och vätskor från avfallshantering (torrvikt) (Icke-farligt avfall (ton)),Slam och vätskor från avfallshantering (torrvikt),Slam och vätskor från avfallshantering (torrvikt),ton,Icke-blandat avfall & Icke-gruvavfall.  Källa: Naturvårdsverket,ej_farligt,,https://www.naturvardsverket.se/,https://www.naturvardsverket.se/
sjukv_avf_farl,measure,Sjukvårdsavfall och biologiskt avfall (Farligt avfall (ton)),Sjukvårdsavfall och biologiskt avfall,Sjukvårdsavfall och biologiskt avfall,ton,Icke-blandat avfall & Icke-gruvavfall.  Källa: Naturvårdsverket,farligt,,https://www.naturvardsverket.se/,https://www.naturvardsverket.se/
sjukv_avf_icke_farl,measure,Sjukvårdsavfall och biologiskt avfall (Icke-farligt avfall (ton)),Sjukvårdsavfall och biologiskt avfall,Sjukvårdsavfall och biologiskt avfall,ton,Icke-blandat avfall & Icke-gruvavfall.  Källa: Naturvårdsverket,ej_farligt,,https://www.naturvardsverket.se/,https://www.naturvardsverket.se/
met_avf_farl,measure,Metallavfall: ferromagnetiskt (Farligt avfall (ton)),Metallavfall: ferromagnetiskt,Metallavfall: ferromagnetiskt,ton,Icke-blandat avfall & Icke-gruvavfall.  Källa: Naturvårdsverket,farligt,,https://www.naturvardsverket.se/,https://www.naturvardsverket.se/
met_avf_icke_farl,measure,Metallavfall: ferromagnetiskt (Icke-farligt avfall (ton)),Metallavfall: ferromagnetiskt,Metallavfall: ferromagnetiskt,ton,Icke-blandat avfall & Icke-gruvavfall.  Källa: Naturvårdsverket,ej_farligt,,https://www.naturvardsverket.se/,https://www.naturvardsverket.se/
met_icke_fer_farl,measure,Metallavfall: icke ferromagnetiskt (Farligt avfall (ton)),Metallavfall: icke ferromagnetiskt,Metallavfall: icke ferromagnetiskt,ton,Icke-blandat avfall & Icke-gruvavfall.  Källa: Naturvårdsverket,farligt,,https://www.naturvardsverket.se/,https://www.naturvardsverket.se/
met_icke_fer_icke_farl,measure,Metallavfall: icke ferromagnetiskt (Icke-farligt avfall (ton)),Metallavfall: icke ferromagnetiskt,Metallavfall: icke ferromagnetiskt,ton,Icke-blandat avfall & Icke-gruvavfall.  Källa: Naturvårdsverket,ej_farligt,,https://www.naturvardsverket.se/,https://www.naturvardsverket.se/
bland_met_farl,measure,Blandade metaller (Farligt avfall (ton)),Blandade metaller,Blandade metaller,ton,Icke-blandat avfall & Icke-gruvavfall.  Källa: Naturvårdsverket,farligt,,https://www.naturvardsverket.se/,https://www.naturvardsverket.se/
bland_met_icke_farl,measure,Blandade metaller (Icke-farligt avfall (ton)),Blandade metaller,Blandade metaller,ton,Icke-blandat avfall & Icke-gruvavfall.  Källa: Naturvårdsverket,ej_farligt,,https://www.naturvardsverket.se/,https://www.naturvardsverket.se/
glas_farl,measure,Glasavfall (Farligt avfall (ton)),Glasavfall,Glasavfall,ton,Icke-blandat avfall & Icke-gruvavfall.  Källa: Naturvårdsverket,farligt,,https://www.naturvardsverket.se/,https://www.naturvardsverket.se/
glas_icke_farl,measure,Glasavfall (Icke-farligt avfall (ton)),Glasavfall,Glasavfall,ton,Icke-blandat avfall & Icke-gruvavfall.  Källa: Naturvårdsverket,ej_farligt,,https://www.naturvardsverket.se/,https://www.naturvardsverket.se/
papp_farl,measure,Pappers- och pappavfall (Farligt avfall (ton)),Pappers- och pappavfall,Pappers- och pappavfall,ton,Icke-blandat avfall & Icke-gruvavfall.  Källa: Naturvårdsverket,farligt,,https://www.naturvardsverket.se/,https://www.naturvardsverket.se/
papp_icke_farl,measure,Pappers- och pappavfall (Icke-farligt avfall (ton)),Pappers- och pappavfall,Pappers- och pappavfall,ton,Icke-blandat avfall & Icke-gruvavfall.  Källa: Naturvårdsverket,ej_farligt,,https://www.naturvardsverket.se/,https://www.naturvardsverket.se/
gummi_farl,measure,Gummiavfall (Farligt avfall (ton)),Gummiavfall,Gummiavfall,ton,Icke-blandat avfall & Icke-gruvavfall.  Källa: Naturvårdsverket,farligt,,https://www.naturvardsverket.se/,https://www.naturvardsverket.se/
gummi_icke_farl,measure,Gummiavfall (Icke-farligt avfall (ton)),Gummiavfall,Gummiavfall,ton,Icke-blandat avfall & Icke-gruvavfall.  Källa: Naturvårdsverket,ej_farligt,,https://www.naturvardsverket.se/,https://www.naturvardsverket.se/
plast_farl,measure,Plastavfall (Farligt avfall (ton)),Plastavfall,Plastavfall,ton,Icke-blandat avfall & Icke-gruvavfall.  Källa: Naturvårdsverket,farligt,,https://www.naturvardsverket.se/,https://www.naturvardsverket.se/
plast_icke_farl,measure,Plastavfall (Icke-farligt avfall (ton)),Plastavfall,Plastavfall,ton,Icke-blandat avfall & Icke-gruvavfall.  Källa: Naturvårdsverket,ej_farligt,,https://www.naturvardsverket.se/,https://www.naturvardsverket.se/
tra_farl,measure,Träavfall (Farligt avfall (ton)),Träavfall,Träavfall,ton,Icke-blandat avfall & Icke-gruvavfall.  Källa: Naturvårdsverket,farligt,,https://www.naturvardsverket.se/,https://www.naturvardsverket.se/
tra_icke_farl,measure,Träavfall (Icke-farligt avfall (ton)),Träavfall,Träavfall,ton,Icke-blandat avfall & Icke-gruvavfall.  Källa: Naturvårdsverket,ej_farligt,,https://www.naturvardsverket.se/,https://www.naturvardsverket.se/
textil_farl,measure,Textilavfall (Farligt avfall (ton)),Textilavfall,Textilavfall,ton,Icke-blandat avfall & Icke-gruvavfall.  Källa: Naturvårdsverket,farligt,,https://www.naturvardsverket.se/,https://www.naturvardsverket.se/
textil_icke_farl,measure,Textilavfall (Icke-farligt avfall (ton)),Textilavfall,Textilavfall,ton,Icke-blandat avfall & Icke-gruvavfall.  Källa: Naturvårdsverket,ej_farligt,,https://www.naturvardsverket.se/,https://www.naturvardsverket.se/
pcb_farl,measure,Avfall innehållande PCB (Farligt avfall (ton)),Avfall innehållande PCB,Avfall innehållande PCB,ton,Icke-blandat avfall & Icke-gruvavfall.  Källa: Naturvårdsverket,farligt,,https://www.naturvardsverket.se/,https://www.naturvardsverket.se/
pbc_icke_farl,measure,Avfall innehållande PCB (Icke-farligt avfall (ton)),Avfall innehållande PCB,Avfall innehållande PCB,ton,Icke-blandat avfall & Icke-gruvavfall.  Källa: Naturvårdsverket,ej_farligt,,https://www.naturvardsverket.se/,https://www.naturvardsverket.se/
kass_farl,measure,Kasserad utrustning (exkl. kasserade fordon: batterier och ackumulatorer) (Farligt avfall (ton)),Kasserad utrustning (exkl. kasserade fordon: batterier och ackumulatorer),Kasserad utrustning (exkl. kasserade fordon: batterier och ackumulatorer),ton,Icke-blandat avfall & Icke-gruvavfall.  Källa: Naturvårdsverket,farligt,,https://www.naturvardsverket.se/,https://www.naturvardsverket.se/
kass_icke_farl,measure,Kasserad utrustning (exkl. kasserade fordon: batterier och ackumulatorer) (Icke-farligt avfall (ton)),Kasserad utrustning (exkl. kasserade fordon: batterier och ackumulatorer),Kasserad utrustning (exkl. kasserade fordon: batterier och ackumulatorer),ton,Icke-blandat avfall & Icke-gruvavfall.  Källa: Naturvårdsverket,ej_farligt,,https://www.naturvardsverket.se/,https://www.naturvardsverket.se/
fordon_farl,measure,Uttjänta fordon (Farligt avfall (ton)),Uttjänta fordon,Uttjänta fordon,ton,Icke-blandat avfall & Icke-gruvavfall.  Källa: Naturvårdsverket,farligt,,https://www.naturvardsverket.se/,https://www.naturvardsverket.se/
fordon_icke_farl,measure,Uttjänta fordon (Icke-farligt avfall (ton)),Uttjänta fordon,Uttjänta fordon,ton,Icke-blandat avfall & Icke-gruvavfall.  Källa: Naturvårdsverket,ej_farligt,,https://www.naturvardsverket.se/,https://www.naturvardsverket.se/
batt_farl,measure,Batterier och ackumulatorer (Farligt avfall (ton)),Batterier och ackumulatorer,Batterier och ackumulatorer,ton,Icke-blandat avfall & Icke-gruvavfall.  Källa: Naturvårdsverket,farligt,,https://www.naturvardsverket.se/,https://www.naturvardsverket.se/
batt_icke_farl,measure,Batterier och ackumulatorer (Icke-farligt avfall (ton)),Batterier och ackumulatorer,Batterier och ackumulatorer,ton,Icke-blandat avfall & Icke-gruvavfall.  Källa: Naturvårdsverket,ej_farligt,,https://www.naturvardsverket.se/,https://www.naturvardsverket.se/
anim_farl,measure,Animaliskt avfall och blandat matavfall (Farligt avfall (ton)),Animaliskt avfall och blandat matavfall,Animaliskt avfall och blandat matavfall,ton,Icke-blandat avfall & Icke-gruvavfall.  Källa: Naturvårdsverket,farligt,,https://www.naturvardsverket.se/,https://www.naturvardsverket.se/
anim_icke_farl,measure,Animaliskt avfall och blandat matavfall (Icke-farligt avfall (ton)),Animaliskt avfall och blandat matavfall,Animaliskt avfall och blandat matavfall,ton,Icke-blandat avfall & Icke-gruvavfall.  Källa: Naturvårdsverket,ej_farligt,,https://www.naturvardsverket.se/,https://www.naturvardsverket.se/
vege_farl,measure,Vegetabiliskt avfall (Farligt avfall (ton)),Vegetabiliskt avfall,Vegetabiliskt avfall,ton,Icke-blandat avfall & Icke-gruvavfall.  Källa: Naturvårdsverket,farligt,,https://www.naturvardsverket.se/,https://www.naturvardsverket.se/
vege_icke_farl,measure,Vegetabiliskt avfall (Icke-farligt avfall (ton)),Vegetabiliskt avfall,Vegetabiliskt avfall,ton,Icke-blandat avfall & Icke-gruvavfall.  Källa: Naturvårdsverket,ej_farligt,,https://www.naturvardsverket.se/,https://www.naturvardsverket.se/
godsel_farl,measure,Animalisk faeces: animalisk urin och gödsel (Farligt avfall (ton)),Animalisk faeces: animalisk urin och gödsel,Animalisk faeces: animalisk urin och gödsel,ton,Icke-blandat avfall & Icke-gruvavfall.  Källa: Naturvårdsverket,farligt,,https://www.naturvardsverket.se/,https://www.naturvardsverket.se/
godsel_icke_farl,measure,Animalisk faeces: animalisk urin och gödsel (Icke-farligt avfall (ton)),Animalisk faeces: animalisk urin och gödsel,Animalisk faeces: animalisk urin och gödsel,ton,Icke-blandat avfall & Icke-gruvavfall.  Källa: Naturvårdsverket,ej_farligt,,https://www.naturvardsverket.se/,https://www.naturvardsverket.se/
hushall_farl,measure,Hushållsavfall och liknande avfall (Farligt avfall (ton)),Hushållsavfall och liknande avfall,Hushållsavfall och liknande avfall,ton,Blandat avfall & Icke-gruvavfall.  Källa: Naturvårdsverket,farligt,,https://www.naturvardsverket.se/,https://www.naturvardsverket.se/
hushall_icke_farl,measure,Hushållsavfall och liknande avfall (Icke-farligt avfall (ton)),Hushållsavfall och liknande avfall,Hushållsavfall och liknande avfall,ton,Blandat avfall & Icke-gruvavfall.  Källa: Naturvårdsverket,ej_farligt,,https://www.naturvardsverket.se/,https://www.naturvardsverket.se/
bland_farl,measure,Blandade och ej differentierade material (Farligt avfall (ton)),Blandade och ej differentierade material,Blandade och ej differentierade material,ton,Blandat avfall & Icke-gruvavfall.  Källa: Naturvårdsverket,farligt,,https://www.naturvardsverket.se/,https://www.naturvardsverket.se/
bland_icke_farl,measure,Blandade och ej differentierade material (Icke-farligt avfall (ton)),Blandade och ej differentierade material,Blandade och ej differentierade material,ton,Blandat avfall & Icke-gruvavfall.  Källa: Naturvårdsverket,ej_farligt,,https://www.naturvardsverket.se/,https://www.naturvardsverket.se/
sort_farl,measure,Sorteringsrester (Farligt avfall (ton)),Sorteringsrester,Sorteringsrester,ton,Blandat avfall & Icke-gruvavfall.  Källa: Naturvårdsverket,farligt,,https://www.naturvardsverket.se/,https://www.naturvardsverket.se/
sort_icke_farl,measure,Sorteringsrester (Icke-farligt avfall (ton)),Sorteringsrester,Sorteringsrester,ton,Blandat avfall & Icke-gruvavfall.  Källa: Naturvårdsverket,ej_farligt,,https://www.naturvardsverket.se/,https://www.naturvardsverket.se/
vanlig_farl,measure,Vanligt slam (torrvikt) (Farligt avfall (ton)),Vanligt slam (torrvikt),Vanligt slam (torrvikt),ton,Icke-blandat avfall & Icke-gruvavfall.  Källa: Naturvårdsverket,farligt,,https://www.naturvardsverket.se/,https://www.naturvardsverket.se/
vanlig_icke_farl,measure,Vanligt slam (torrvikt) (Icke-farligt avfall (ton)),Vanligt slam (torrvikt),Vanligt slam (torrvikt),ton,Icke-blandat avfall & Icke-gruvavfall.  Källa: Naturvårdsverket,ej_farligt,,https://www.naturvardsverket.se/,https://www.naturvardsverket.se/
min_farl,measure,Mineralavfall från bygg och rivning (Farligt avfall (ton)),Mineralavfall från bygg och rivning,Mineralavfall från bygg och rivning,ton,Blandat avfall & Gruvavfall.  Källa: Naturvårdsverket,farligt,,https://www.naturvardsverket.se/,https://www.naturvardsverket.se/
min_icke_farl,measure,Mineralavfall från bygg och rivning (Icke-farligt avfall (ton)),Mineralavfall från bygg och rivning,Mineralavfall från bygg och rivning,ton,Blandat avfall & Gruvavfall.  Källa: Naturvårdsverket,ej_farligt,,https://www.naturvardsverket.se/,https://www.naturvardsverket.se/
annat_farl,measure,Annat mineralavfall (Farligt avfall (ton)),Annat mineralavfall,Annat mineralavfall,ton,Icke-blandat avfall & Gruvavfall.  Källa: Naturvårdsverket,farligt,,https://www.naturvardsverket.se/,https://www.naturvardsverket.se/
annat_icke_farl,measure,Annat mineralavfall (Icke-farligt avfall (ton)),Annat mineralavfall,Annat mineralavfall,ton,Icke-blandat avfall & Gruvavfall.  Källa: Naturvårdsverket,ej_farligt,,https://www.naturvardsverket.se/,https://www.naturvardsverket.se/
forbrann_farl,measure,Avfall från förbränning (Farligt avfall (ton)),Avfall från förbränning,Avfall från förbränning,ton,Icke-blandat avfall & Icke-gruvavfall.  Källa: Naturvårdsverket,farligt,,https://www.naturvardsverket.se/,https://www.naturvardsverket.se/
forbrann_icke_farl,measure,Avfall från förbränning (Icke-farligt avfall (ton)),Avfall från förbränning,Avfall från förbränning,ton,Icke-blandat avfall & Icke-gruvavfall.  Källa: Naturvårdsverket,ej_farligt,,https://www.naturvardsverket.se/,https://www.naturvardsverket.se/
jord_farl,measure,Jord (Farligt avfall (ton)),Jord,Jord,ton,Icke-blandat avfall & Gruvavfall.  Källa: Naturvårdsverket,farligt,,https://www.naturvardsverket.se/,https://www.naturvardsverket.se/
jord_icke_farl,measure,Jord (Icke-farligt avfall (ton)),Jord,Jord,ton,Icke-blandat avfall & Gruvavfall.  Källa: Naturvårdsverket,ej_farligt,,https://www.naturvardsverket.se/,https://www.naturvardsverket.se/
mudder_farl,measure,Muddermassor (torrvikt) (Farligt avfall (ton)),Muddermassor (torrvikt),Muddermassor (torrvikt),ton,Icke-blandat avfall & Gruvavfall.  Källa: Naturvårdsverket,farligt,,https://www.naturvardsverket.se/,https://www.naturvardsverket.se/
mudder_icke_farl,measure,Muddermassor (torrvikt) (Icke-farligt avfall (ton)),Muddermassor (torrvikt),Muddermassor (torrvikt),ton,Icke-blandat avfall & Gruvavfall.  Källa: Naturvårdsverket,ej_farligt,,https://www.naturvardsverket.se/,https://www.naturvardsverket.se/
min_avf_farl,measure,Mineralavfall från avfallshantering (Farligt avfall (ton)),Mineralavfall från avfallshantering,Mineralavfall från avfallshantering,ton,Icke-blandat avfall & Gruvavfall.  Källa: Naturvårdsverket,farligt,,https://www.naturvardsverket.se/,https://www.naturvardsverket.se/
min_avf_icke_farl,measure,Mineralavfall från avfallshantering (Icke-farligt avfall (ton)),Mineralavfall från avfallshantering,Mineralavfall från avfallshantering,ton,Icke-blandat avfall & Gruvavfall.  Källa: Naturvårdsverket,ej_farligt,,https://www.naturvardsverket.se/,https://www.naturvardsverket.se/
agg_kold,measure,Koldioxidskatt (Aggregerad),Koldioxidskatt,Koldioxidskatt (Aggregerad),,Indikatorn utsläpp per skattekrona mäter hur stora utsläppen av koldioxid är per inbetalad skattekrona av koldioxidskatt: per bransch. Intensiteten speglar hur skattetrycket ser ut olika branscher. Om exempelvis koldioxidutsläppen är stora och skatteinbetalningarna för en viss bransch är små blir intensiteten hög. Om däremot skatteinbetalningarna är relativt höga blir intensiteten låg.   Källa: SCB,eko_styr,,https://www.scb.se/,https://www.scb.se/
agg_utslapp_kold,measure,Utsläpp av koldioxid (Aggregerad),Utsläpp av koldioxid,Utsläpp av koldioxid (Aggregerad),,Indikatorn utsläpp per skattekrona mäter hur stora utsläppen av koldioxid är per inbetalad skattekrona av koldioxidskatt: per bransch. Intensiteten speglar hur skattetrycket ser ut olika branscher. Om exempelvis koldioxidutsläppen är stora och skatteinbetalningarna för en viss bransch är små blir intensiteten hög. Om däremot skatteinbetalningarna är relativt höga blir intensiteten låg.   Källa: SCB,eko_styr,,https://www.scb.se/,https://www.scb.se/
agg_utsl_per,measure,Utsläpp per skattekrona (Aggregerad),Utsläpp per skattekrona,Utsläpp per skattekrona (Aggregerad),,Indikatorn utsläpp per skattekrona mäter hur stora utsläppen av koldioxid är per inbetalad skattekrona av koldioxidskatt: per bransch. Intensiteten speglar hur skattetrycket ser ut olika branscher. Om exempelvis koldioxidutsläppen är stora och skatteinbetalningarna för en viss bransch är små blir intensiteten hög. Om däremot skatteinbetalningarna är relativt höga blir intensiteten låg.   Källa: SCB,eko_styr,,https://www.scb.se/,https://www.scb.se/
and_forb_inv,measure,Förebyggande investeringar (procent),Förebyggande investeringar,Andel förebyggande investeringar,procent,Variabeln avser andel investeringar som syftar till att förebygga föroreningar eller annan försämring av den yttre miljön från företagets verksamhet av totala investeringar för miljöskydd.   Källa: SCB,invest,,https://www.scb.se/,https://www.scb.se/
and_milj_ex,measure,Miljö examen av total examen  (andel),Miljö examen av total examen,Andel med miljö examen av total examen ,andel,Statistiken utgår ifrån individernas SUN-koder (svensk utbildningsnomenklatur): vilket används för klassificering av utbildning och  Statistiken utgår ifrån två nivåer: Nivå 1: Utbildningar av sådan karaktär att det direkt kan relateras till miljö-vetenskap/vård/skydd/teknik och Nivå 2: Utbildningar av sådan karaktär att de indirekt eller direkt kan relateras till Natur: Biologi: Energi och Avfall.  Källa: SCB,kompetens,,https://www.scb.se/,https://www.scb.se/
and_milj_tot,measure,Miljöexamen av total (andel),Miljöexamen av total,Andel miljöexamen av total,andel,Statistiken utgår ifrån individernas SUN-koder (svensk utbildningsnomenklatur): vilket används för klassificering av utbildning och  Statistiken utgår ifrån två nivåer: Nivå 1: Utbildningar av sådan karaktär att det direkt kan relateras till miljö-vetenskap/vård/skydd/teknik och Nivå 2: Utbildningar av sådan karaktär att de indirekt eller direkt kan relateras till Natur: Biologi: Energi och Avfall.  Källa: SCB,kompetens,,https://www.scb.se/,https://www.scb.se/
ant_ans_kon,measure,Anställda berörda av konkurser (antal),Anställda berörda av konkurser,Antal anställda berörda av konkurser,antal,Konkursstatistiken visar hur många företag som har gått i konkurs och hur många anställda som har berörts av konkurser. Statistiken täcker endast företagskonkurser: det vill säga konkurs av ett bolag i någon form: inklusive enskilda näringsidkare.  Källa: Tillväxtanalys,ekonomi,,https://www.tillvaxtanalys.se/,https://www.tillvaxtanalys.se/
ant_for_tot,measure,Totalt (antal företag),Totalt,Antal företag - Totalt,antal,Syftet med Företagens ekonomi (FEK) är att belysa strukturen för näringslivet (exklusive de finansiella och offentliga sektorerna samt hushållens ickevinstdrivande organisationer): med avseende på i första hand lönsamhet: tillväxt: utveckling: finansiering och produktion. FEK är snarare att betrakta som ett system av olika statistiska undersökningar än en separat undersökning. Uppgifter från flera olika källor: insamlade på och utanför SCB: kombineras för att producera statistik rörande FEK:s målvariabler. Företagens ekonomi regleras numera tillsammans med flera andra statistikprodukter av Europaparlamentets och rådets förordning (EU) 2019/2152 om europeisk företagsstatistik och om upphävande av tio rättsakter på området företagsstatistik.  Källa: SCB,ekonomi,,https://www.scb.se/,https://www.scb.se/
ant_forv_kvn_reg,measure,Förvärvsarbetande kvinnor (dagbefolkning (antal)),Förvärvsarbetande kvinnor,Antal förvärvsarbetande kvinnor,antal,Registerbaserad Arbetsmarknadsstatistik (RAMS): dagbefolkning med arbetsplats i regionen. RAMS beskriver sysselsättning i form av förvärvsarbete och ger en heltäckande bild av befolkningens: i åldrarna 16 till 74 år: anknytning till arbetsmarknaden. RAMS upphör iom 2019 och en ny datakälla: Befolkningens arbetsmarknadsstatus (BAS) tar vid.   Källa: SCB,ekonomi,,https://www.scb.se/,https://www.scb.se/
ant_forv_man_reg,measure,Förvärvsarbetande män (dagbefolkning (antal)),Förvärvsarbetande män,Antal förvärvsarbetande män,antal,Registerbaserad Arbetsmarknadsstatistik (RAMS): dagbefolkning med arbetsplats i regionen. RAMS beskriver sysselsättning i form av förvärvsarbete och ger en heltäckande bild av befolkningens: i åldrarna 16 till 74 år: anknytning till arbetsmarknaden. RAMS upphör iom 2019 och en ny datakälla: Befolkningens arbetsmarknadsstatus (BAS) tar vid.   Källa: SCB,ekonomi,,https://www.scb.se/,https://www.scb.se/
ant_forv_tot_reg,measure,Förvärvsarbetande totalt (dagbefolkning (antal)),Förvärvsarbetande totalt,Totalt antal förvärvsarbetande,antal,Registerbaserad Arbetsmarknadsstatistik (RAMS): dagbefolkning med arbetsplats i regionen. RAMS beskriver sysselsättning i form av förvärvsarbete och ger en heltäckande bild av befolkningens: i åldrarna 16 till 74 år: anknytning till arbetsmarknaden. RAMS upphör iom 2019 och en ny datakälla: Befolkningens arbetsmarknadsstatus (BAS) tar vid.   Källa: SCB,ekonomi,,https://www.scb.se/,https://www.scb.se/
ant_kon,measure,Konkurser (antal),Konkurser,Antal konkurser,antal,Konkursstatistiken visar hur många företag som har gått i konkurs och hur många anställda som har berörts av konkurser. Statistiken täcker endast företagskonkurser: det vill säga konkurs av ett bolag i någon form: inklusive enskilda näringsidkare.  Källa: Tillväxtanalys,ekonomi,,https://www.tillvaxtanalys.se/,https://www.tillvaxtanalys.se/
ant_ny,measure,Nystartade företag (antal),Nystartade företag,Antal nystartade företag,antal,Statistiken visar tillkomsten av företag med genuint nystartad verksamhet. Statistiken ska inte innehålla företag som registrerats som nybildade på grund av ägarskiften: ändring av juridisk form eller annan ombildning av ett existerande företag. Undersökningen Nystartade företag är registerbaserad och utgår från uppgifter i SCB:s företagsregister. Framställningen följer den metod som används i den EU-reglerade undersökningen Business Demography.  Källa: Tillväxtanalys,ekonomi,,https://www.tillvaxtanalys.se/,https://www.tillvaxtanalys.se/
ant_syss_miljo,measure,Sysselsatta med miljörelaterad utbildning (antal),Sysselsatta med miljörelaterad utbildning,Antal sysselsatta med miljörelaterad utbildning,antal,Statistiken utgår ifrån individernas SUN-koder (svensk utbildningsnomenklatur): vilket används för klassificering av utbildning och  Statistiken utgår ifrån två nivåer: Nivå 1: Utbildningar av sådan karaktär att det direkt kan relateras till miljö-vetenskap/vård/skydd/teknik och Nivå 2: Utbildningar av sådan karaktär att de indirekt eller direkt kan relateras till Natur: Biologi: Energi och Avfall.   Källa: SCB,kompetens,,https://www.scb.se/,https://www.scb.se/
arb_tim,measure,Arbetade timmar (faktiska timmar i 1 000 000-tal),Arbetade timmar,Arbetade timmar,faktiska timmar i 1 000 000-tal,Arbetskraftsinsatsen inkluderar medelantal sysselsatta och arbetade faktiska timmar för personer i åldern 15–89 år.  Nationalräkenskaperna följer EU:s regelverk European System of National Accounts 2010 (ESA 2010). Begrepp för sysselsatta och arbetade timmar definieras också i ESA.  Källa: SCB,ekonomi,,https://www.scb.se/,https://www.scb.se/
co_skatt,measure,CO2-Skatt (miljoner kronor),CO2-Skatt,CO2-Skatt,miljoner kronor,Transportsektorn består av branscherna: H49 landtransportföretag: rörtransportföretag: H50 rederier och H51 flygbolag. Variablerna är hämtade från miljö- och nationalräkenskaperna.  Källa: SCB,transp,,https://www.scb.se/,https://www.scb.se/
export,measure,Export (miljoner kronor (löpande priser) antal),Export,Export,miljoner kronor (löpande priser) antal,Hämtas från nationalräkenskaperna utrikeshandel med varor samt utrikeshandel med tjänster knyts till arbetsställen inom miljösektorn.   Källa: SCB,miljo_sek,,https://www.scb.se/,https://www.scb.se/
fv,measure,FV (miljoner kronor (2015 års pris)),FV,FV (2015 års pris),miljoner kronor (2015 års pris),Transportsektorn består av branscherna: H49 landtransportföretag: rörtransportföretag: H50 rederier och H51 flygbolag. Variablerna är hämtade från miljö- och nationalräkenskaperna.  Källa: SCB,transp,,https://www.scb.se/,https://www.scb.se/
forbr_bio,measure,Förbränning av biobränslen,Förbränning av biobränslen,Förbränning av biobränslen,,Bränsleanvändning per bransch ingår i miljöräkenskaperna och avser användningen från ekonomiska aktörer. Grunddata hämtas från Energimyndighetens undersökningar Industrins energianvändning: ISEN (EN0113): Årlig energistatistik (el: gas och fjärrvärme): och förbränningsinstallationer i bostadshus och offentliga och kommersiella lokaler. Även undersökningarna månatlig bränslestatistik och leveranser av fordonsgas EN0107: och bränsledirektivets data används. För sjöfart används indata från Nationalräkenskaperna över inköpta bränslen och för flyget användes OECD data.  Källa: Energimyndigheten & SCB,energi,,https://www.energimyndigheten.se/,https://www.energimyndigheten.se/
forb_fos,measure,Förbränning av fossila bränslen,Förbränning av fossila bränslen,Förbränning av fossila bränslen,,Bränsleanvändning per bransch ingår i miljöräkenskaperna och avser användningen från ekonomiska aktörer. Grunddata hämtas från Energimyndighetens undersökningar Industrins energianvändning: ISEN (EN0113): Årlig energistatistik (el: gas och fjärrvärme): och förbränningsinstallationer i bostadshus och offentliga och kommersiella lokaler. Även undersökningarna månatlig bränslestatistik och leveranser av fordonsgas EN0107: och bränsledirektivets data används. För sjöfart används indata från Nationalräkenskaperna över inköpta bränslen och för flyget användes OECD data.  Källa: Energimyndigheten & SCB,energi,,https://www.energimyndigheten.se/,https://www.energimyndigheten.se/
foreb_inv,measure,Förebyggande investeringar (miljoner kronor (löpande priser)),Förebyggande investeringar,Förebyggande investeringar,miljoner kronor (löpande priser),Variabeln avser investeringar som syftar till att förebygga föroreningar eller annan försämring av den yttre miljön från företagets verksamhet.   Källa: SCB,invest,,https://www.scb.se/,https://www.scb.se/
forv_kvn_bio,measure,Bioekonomi: förvärvsarbetande kvinnor (antal),Bioekonomi: förvärvsarbetande kvinnor,Bioekonomi: förvärvsarbetande kvinnor,antal,Anställda inom branscher som ingår i en produktionsprocess av biomassa möjliggör produktion av biomassa eller förädlar biomassa.  Källa: SCB,bioek,,https://www.scb.se/,https://www.scb.se/
forv_man_bio,measure,Bioekonomi: förvärvsarbetande män (antal),Bioekonomi: förvärvsarbetande män,Bioekonomi: förvärvsarbetande män,antal,Anställda inom branscher som ingår i en produktionsprocess av biomassa möjliggör produktion av biomassa eller förädlar biomassa.  Källa: SCB,bioek,,https://www.scb.se/,https://www.scb.se/
forv_tot_bio,measure,Bioekonomi: förvärvsarbetande totalt (antal),Bioekonomi: förvärvsarbetande totalt,Bioekonomi: förvärvsarbetande totalt,antal,Anställda inom branscher som ingår i en produktionsprocess av biomassa möjliggör produktion av biomassa eller förädlar biomassa.  Källa: SCB,bioek,,https://www.scb.se/,https://www.scb.se/
forv_kvn,measure,Förvärvsarbetande kvinnor (miljoner kronor (löpande priser) antal),Förvärvsarbetande kvinnor,Antal förvärvsarbetande kvinnor,miljoner kronor (löpande priser) antal,Förvärvsarbetande hämtas från BAS (Befolkningens arbetsmarknadsstatus) och knyts till arbetsställen inom miljösektorn.  Källa: SCB,miljo_sek,,https://www.scb.se/,https://www.scb.se/
forv_man,measure,Förvärvsarbetande män (miljoner kronor (löpande priser) antal),Förvärvsarbetande män,Antal förvärvsarbetande män,miljoner kronor (löpande priser) antal,Förvärvsarbetande hämtas från BAS (Befolkningens arbetsmarknadsstatus) och knyts till arbetsställen inom miljösektorn.  Källa: SCB,miljo_sek,,https://www.scb.se/,https://www.scb.se/
forv_to,measure,Förvärvsarbetande totalt (antal),Förvärvsarbetande totalt,Totalt antal förvärvsarbetande,antal,Statistiken om miljösektorn ingår som en modul i Miljöräkenskaperna. Miljöräkenskaper syftar till att beskriva sambandet mellan ekonomi och miljö. Statistiken om miljösektorn syftar till att redovisa den del av den svenska ekonomins produktionsaktivitet som alstrar miljövänliga varor och tjänster. Inom EU regleras miljöräkenskaperna och statistiken om miljösektorn (EGSS) av EU förordning 691/20111.   Källa: SCB,miljo_sek,,https://www.scb.se/,https://www.scb.se/
foradl_bio,measure,Bioekonomi: Förädlingsvärde (miljoner kronor (löpande priser)),Bioekonomi: Förädlingsvärde,Bioekonomi: Förädlingsvärde,miljoner kronor (löpande priser),Förädlingsvärde inom branscher som ingår i en produktionsprocess av biomassa möjliggör produktion av biomassa eller förädlar biomassa.  Källa: SCB,bioek,,https://www.scb.se/,https://www.scb.se/
foradl,measure,Förädlingsvärde (miljoner kronor (löpande priser) antal),Förädlingsvärde,Förädlingsvärde,miljoner kronor (löpande priser) antal,Nettoomsättning hämtas från undersökningen Företagens ekonomi och knyts till arbetsställen inom miljösektorn.   Källa: SCB,miljo_sek,,https://www.scb.se/,https://www.scb.se/
ghg_kilo,measure,GHG-utsläpp till luft (kiloton),GHG-utsläpp till luft,GHG-utsläpp till luft,kiloton,Transportsektorn består av branscherna: H49 landtransportföretag: rörtransportföretag: H50 rederier och H51 flygbolag. Variablerna är hämtade från miljö- och nationalräkenskaperna.  Källa: SCB,transp,,https://www.scb.se/,https://www.scb.se/
inv_miljo,measure,Investeringar i samtliga miljöområden (miljoner kronor (löpande priser)),Investeringar i samtliga miljöområden,Investeringar i samtliga miljöområden,miljoner kronor (löpande priser),Med miljöskydd avses åtgärder och aktiviteter som syftar till att förebygga reducera eller eliminera föroreningar eller annan försämring av den yttre miljön från företagets verksamhet. Kopplat till detta är luft vatten avfall skydd av mark och grundvatten buller biologisk mångfald landskap skydd mot strålning forskning och utveckling.   Källa: SCB,invest,,https://www.scb.se/,https://www.scb.se/
koldi_skatt,measure,Koldioxidskatt (miljoner kronor (löpande priser)),Koldioxidskatt,Koldioxidskatt,miljoner kronor (löpande priser),Koldioxidskatt betalas för de flesta bränslen som används för motordrift eller för uppvärmning.   Källa: SCB,eko_styr,,https://www.scb.se/,https://www.scb.se/
medel_syss,measure,Sysselsatta (personer i 1000-tal (medelantal)),Sysselsatta,Medelantal sysselsatta,personer i 1000-tal (medelantal),Arbetskraftsinsatsen inkluderar medelantal sysselsatta och arbetade faktiska timmar för personer i åldern 15–89 år.  Nationalräkenskaperna följer EU:s regelverk European System of National Accounts 2010 (ESA 2010). Begrepp för sysselsatta och arbetade timmar definieras också i ESA.  Källa: SCB,ekonomi,,https://www.scb.se/,https://www.scb.se/
netto_bio,measure,Bioekonomi: Nettoomsättning (miljoner kronor (löpande priser)),Bioekonomi: Nettoomsättning,Bioekonomi: Nettoomsättning,miljoner kronor (löpande priser),Nettoomsättning inom branscher som ingår i en produktionsprocess av biomassa möjliggör produktion av biomassa eller förädlar biomassa.  Källa: SCB,bioek,,https://www.scb.se/,https://www.scb.se/
prod,measure,Produktionsvärde (miljoner kronor (löpande priser) antal),Produktionsvärde,Produktionsvärde,miljoner kronor (löpande priser) antal,Marknadsproduktion hämtas från Företagens ekonomi och kalibreras för att vara i linje med Nationalräkenskaperna och knyts till arbetsställen inom miljösektorn.  Källa: SCB,miljo_sek,,https://www.scb.se/,https://www.scb.se/
res_rakn,measure,Årets resultat (miljoner kronor (löpande priser)),Årets resultat,Årets resultat,miljoner kronor (löpande priser),Resultat efter finansiella poster plus/minus extraordinära intäkter och kostnader samt bokslutsdispositioner och skatt. BAS-konto 8990.  Källa: SCB,ekonomi,,https://www.scb.se/,https://www.scb.se/
sum_subv,measure,Summa av miljösubventioner (miljoner kronor),Summa av miljösubventioner,Summa av miljösubventioner,miljoner kronor,Sveriges miljösubventioner per bransch.,,,https://www.scb.se/,https://www.scb.se/
syssels,measure,Sysselsatta (1000-tal),Sysselsatta,Sysselsatta,1000-tal,Transportsektorn består av branscherna: H49 landtransportföretag: rörtransportföretag: H50 rederier och H51 flygbolag. Variablerna är hämtade från miljö- och nationalräkenskaperna.  Källa: SCB,transp,,https://www.scb.se/,https://www.scb.se/
tot_farl,measure,Totalt (Farligt avfall (ton)),Totalt (Farligt avfall),Totalt (Farligt avfall),ton,Totalt farligt avfall.  Källa: Naturvårdsverket,farligt,,https://www.naturvardsverket.se/,https://www.naturvardsverket.se/
tot_icke_farl,measure,Totalt (Icke-farligt avfall (ton)),Totalt (Icke-farligt avfall),Totalt (Icke-farligt avfall),ton,Totalt icke-farligt avfall.  Källa: Naturvårdsverket,ej_farligt,,https://www.naturvardsverket.se/,https://www.naturvardsverket.se/
tot_syssel_ex,measure,Sysselsatta med examen totalt (antal),Sysselsatta med examen totalt,Sysselsatta med examen totalt,antal,Statistiken utgår ifrån individernas SUN-koder (svensk utbildningsnomenklatur): vilket används för klassificering av utbildning och  Statistiken utgår ifrån två nivåer: Nivå 1: Utbildningar av sådan karaktär att det direkt kan relateras till miljö-vetenskap/vård/skydd/teknik och Nivå 2: Utbildningar av sådan karaktär att de indirekt eller direkt kan relateras till Natur: Biologi: Energi och Avfall.   Källa: SCB,kompetens,,https://www.scb.se/,https://www.scb.se/
utsl_ghg,measure,Utsläpp av GHG (kiloton),Utsläpp av GHG,Utsläpp av GHG,kiloton,Utsläpp av växthusgaser per bransch ingår i miljöräkenskaperna och avser utsläpp genererade från ekonomiska aktörer Miljöräkenskaper syftar till att sammanfatta och beskriva miljöpåverkan från ekonomiska aktiviteter och utveckling. Miljöräkenskaper avseende utsläpp till luft regleras av EU förordningen 691/20111 för EU länder. Samtliga länder ska följa standarder som anges i FN:s System of Environmental- Economic Accounting – Central Framework (2012).   Källa: SCB,utslapp,,https://www.scb.se/,https://www.scb.se/
utsl_skatt,measure,Utsläpp per skattekrona,Utsläpp per skattekrona,Utsläpp per skattekrona,,Statistiken utsläpp per skattekrona mäter hur stora utsläppen av koldioxid är per inbetalad skattekrona av koldioxidskatt: per bransch. Intensiteten speglar hur skattetrycket ser ut olika branscher. Om exempelvis koldioxidutsläppen är stora och skatteinbetalningarna för en viss bransch är små blir intensiteten hög. Om däremot skatteinbetalningarna är relativt höga blir intensiteten låg.   Källa: SCB,eko_styr,,https://www.scb.se/,https://www.scb.se/
varuexp,measure,Varuexport (miljoner kronor (löpande priser)),Varuexport,Varuexport (Bortfallsjusterad),miljoner kronor (löpande priser),Handel omfattar varor med tröskelvärden för export med 12.0 miljoner kronor medan tröskelvärdet för import är på 15.0 miljoner kronor.   Källa: SCB,handel,,https://www.scb.se/,https://www.scb.se/
varuimp,measure,Varuimport (miljoner kronor (löpande priser)),Varuimport,Varuimport (Bortfallsjusterad),miljoner kronor (löpande priser),Handel omfattar varor med tröskelvärden för export med 12.0 miljoner kronor medan tröskelvärdet för import är på 15.0 miljoner kronor.   Källa: SCB,handel,,https://www.scb.se/,https://www.scb.se/
vaxthusg,measure,Bioekonomi: Växthusgaser (kiloton),Bioekonomi: Växthusgaser,Bioekonomi: Växthusgaser,kiloton,Utsläpp från branscher som anses 100 procent bioekonomi. Dessa är jord-skogsbruk fiske livsmedel och tobak trä paper och pappersmassa.  Källa: SCB,bioek,,https://www.scb.se/,https://www.scb.se/
kem_tonne,measure,Kemikalier inbäddade i produkter (tonne),Kemikalier inbäddade i produkter,Kemikalier inbäddade i produkter,(tonne),De presenterade data består av kemikalieanvändning inbäddade i produkter som har tagits fram med en input-output (IO) analys. Kärnmodellen som används för denna IO analys är samma som används för produktion av Sveriges officiella statistik om växthusgasutsläpp med konsumtionsperspektiv: ofta kallade för PRINCE modellen.  Källa: SCB,produkter,,https://www.scb.se/,https://www.scb.se/
netto,measure,Nettoomsättning,Nettoomsättning,Nettoomsättning,,Med nettoomsättning avses intäkter från företagens huvudsakliga rörelse för sålda varor och utförda tjänster. Målsättningen är att mäta marknadsoperationer och försäljning inom FE räknas bort.,ekonomi,,https://www.scb.se/,https://www.scb.se/
ant_kem,measure,Kemikalieprodukter (antal),Kemikalieprodukter,Antal kemikalieprodukter,antal,Registerbaserad. Med kemikalier avses produkter från den kemiska industrin. Till kemikalier räknas här även produkter som framställts via kemiska reaktioner (i vedertagen kemiteknisk apparatur) även om processerna ligger i andra branscher. Begreppet kemikalier kan avse såväl enstaka och specifika ämnen som blandningar av dem: det vill säga kemiska produkter. Populationen består av alla kemiska produkter som yrkesmässigt importeras eller tillverkas i Sverige eller som man byter namn på.,produkter,,https://www.kemi.se/kemikaliestatistik/overblick-over-kemikalier/kvalitetsdeklaration-for-overblicksstatistiken,https://www.kemi.se/kemikaliestatistik/overblick-over-kemikalier/kvalitetsdeklaration-for-overblicksstatistiken
bidr_egen_fou,measure,Bidragsfinansiering av egen FOU,Bidragsfinansiering av egen FOU,Bidragsfinansiering av egen FOU,,Statistiken baseras på en undersökning i två delar: en totalundersökningsdel och en urvalsdel. Företag med 200 anställda eller fler totalundersöks. Ett urval görs av företag med 10–199 antal anställda. ,fou,,www.scb.se/uf0301,www.scb.se/uf0301
bnp_fast,measure,BNP Fasta priser (miljoner kronor (referensår 2020)),BNP Fasta priser,BNP Fasta priser referensår 2020,miljoner kronor (referensår 2020),Förädlingsvärde är sektorns/branschens produktions­värde minus sektorns/branschens insats­för­brukning. Summan av samtliga sektorers/branschers förädlings­värde (brutto) med tillägg för nettot av produkt­skatter och produkt­sub­ventioner (samt ev. ofördelade poster) utgör BNP till marknadspris.,ekonomi,,www.scb.se/nr0103 ,www.scb.se/nr0103 
bnp_lop,measure,BNP Löpande priser (miljoner kronor),BNP Löpande priser,BNP Löpande priser,miljoner kronor,Förädlingsvärde är sektorns/branschens produktions­värde minus sektorns/branschens insats­för­brukning. Summan av samtliga sektorers/branschers förädlings­värde (brutto) med tillägg för nettot av produkt­skatter och produkt­sub­ventioner (samt ev. ofördelade poster) utgör BNP till marknadspris.,ekonomi,,www.scb.se/nr0103 ,www.scb.se/nr0103 
bran_energi,measure,Energiskatt på bränslen,Energiskatt på bränslen,Energiskatt på bränslen,,En miljöskatt är en skatt vars skattebas är en fysisk enhet (eller ett närmevärde för den) av något som har en bevisad och specifik negativ inverkan på miljön.,eko_styr,,www.scb.se/mi1301,www.scb.se/mi1301
el_energi,measure,Energiskatt på el,Energiskatt på el,Energiskatt på el,,En miljöskatt är en skatt vars skattebas är en fysisk enhet (eller ett närmevärde för den) av något som har en bevisad och specifik negativ inverkan på miljön.,eko_styr,,www.scb.se/mi1301,www.scb.se/mi1301
flygskatt,measure,Flygskatt,Flygskatt,Flygskatt,,En miljöskatt är en skatt vars skattebas är en fysisk enhet (eller ett närmevärde för den) av något som har en bevisad och specifik negativ inverkan på miljön.,eko_styr,,www.scb.se/mi1301,www.scb.se/mi1301
fordonskatt,measure,Fordonsskatt,Fordonsskatt,Fordonsskatt,,En miljöskatt är en skatt vars skattebas är en fysisk enhet (eller ett närmevärde för den) av något som har en bevisad och specifik negativ inverkan på miljön.,eko_styr,,www.scb.se/mi1301,www.scb.se/mi1301
g_forsk,measure,Grundforskning,Grundforskning,Grundforskning,,Statistiken baseras på en undersökning i två delar: en totalundersökningsdel och en urvalsdel. Företag med 200 anställda eller fler totalundersöks. Ett urval görs av företag med 10–199 antal anställda. ,fou,,www.scb.se/uf0301,www.scb.se/uf0301
ghg_utslapp_prod,measure,Utsläpp av GHG i samband med produktionsleden,Utsläpp av GHG i samband med produktionsleden,Utsläpp av GHG i samband med produktionsleden,,Utsläpp av växthusgaser från både inhemskt-producerade och importerade varor och tjänster som efterfrågas i den svenska ekonomin.,utslapp,,www.scb.se/mi1301,www.scb.se/mi1301
inv_egen_fou,measure,Investeringar för egen FOU,Investeringar för egen FOU,Investeringar för egen FOU,,Statistiken baseras på en undersökning i två delar: en totalundersökningsdel och en urvalsdel. Företag med 200 anställda eller fler totalundersöks. Ett urval görs av företag med 10–199 antal anställda. ,fou,,www.scb.se/uf0301,www.scb.se/uf0301
kem_skatt,measure,Kemikalieskatt,Kemikalieskatt,Kemikalieskatt,,En miljöskatt är en skatt vars skattebas är en fysisk enhet (eller ett närmevärde för den) av något som har en bevisad och specifik negativ inverkan på miljön.,eko_styr,,www.scb.se/mi1301,www.scb.se/mi1301
koldi_utslapp,measure,Utsläpp av koldioxid,Utsläpp av koldioxid,Utsläpp av koldioxid,,Koldioxidutsläpp från svenska ekonomiska aktiviteter. Inkluderar de transaktioner som sker över Sveriges gränser.,utslapp,,www.scb.se/mi1301,www.scb.se/mi1301
koldioxid_skatt,measure,Total koldioxidskatt,Total koldioxidskatt,Total koldioxidskatt,,En miljöskatt är en skatt vars skattebas är en fysisk enhet (eller ett närmevärde för den) av något som har en bevisad och specifik negativ inverkan på miljön.,eko_styr,,www.scb.se/mi1301,www.scb.se/mi1301
nox_avgift,measure,NOx-avgift,NOx-avgift,NOx-avgift,,En miljöskatt är en skatt vars skattebas är en fysisk enhet (eller ett närmevärde för den) av något som har en bevisad och specifik negativ inverkan på miljön.,eko_styr,,www.scb.se/mi1301,www.scb.se/mi1301
ovr_miljoskatt,measure,Övriga miljöskatter,Övriga miljöskatter,Övriga miljöskatter,,En miljöskatt är en skatt vars skattebas är en fysisk enhet (eller ett närmevärde för den) av något som har en bevisad och specifik negativ inverkan på miljön.,eko_styr,,www.scb.se/mi1301,www.scb.se/mi1301
ror_egen_fou,measure,Rörelsekostnader för egen FOU,Rörelsekostnader för egen FOU,Rörelsekostnader för egen FOU,,Statistiken baseras på en undersökning i två delar: en totalundersökningsdel och en urvalsdel. Företag med 200 anställda eller fler totalundersöks. Ett urval görs av företag med 10–199 antal anställda. ,fou,,www.scb.se/uf0301,www.scb.se/uf0301
sjalvfin_egen_fou,measure,Sverige - självfinansiering av egen FOU,Sverige - självfinansiering av egen FOU,Sverige - självfinansiering av egen FOU,,Statistiken baseras på en undersökning i två delar: en totalundersökningsdel och en urvalsdel. Företag med 200 anställda eller fler totalundersöks. Ett urval görs av företag med 10–199 antal anställda. ,fou,,www.scb.se/uf0301,www.scb.se/uf0301
syss_bel_kv,measure,Sysselsatta kvinnor efter arbetsställets belägenhet (antal),Sysselsatta kvinnor efter arbetsställets belägenhet,Sysselsatta efter arbetsställets belägenhet (kvinnor),antal,Antalet sysselsatta som är folkbokförda i åldern 15–74 år som har under minst en av de elva månader som föregår november fått utbetalning av ersättning för arbete. ,ekonomi,,www.scb.se/am0210 ,www.scb.se/am0210 
syss_bel_man,measure,Sysselsatta män efter arbetsställets belägenhet (antal),Sysselsatta män efter arbetsställets belägenhet,Sysselsatta efter arbetsställets belägenhet (män),antal,Antalet sysselsatta som är folkbokförda i åldern 15–74 år som har under minst en av de elva månader som föregår november fått utbetalning av ersättning för arbete. ,ekonomi,,www.scb.se/am0210 ,www.scb.se/am0210 
syss_bel_tot,measure,Totalt sysselsatta efter arbetsställets belägenhet (antal),Totalt sysselsatta efter arbetsställets belägenhet,Totalt sysselsatta efter arbetsställets belägenhet,antal,Antalet sysselsatta som är folkbokförda i åldern 15–74 år som har under minst en av de elva månader som föregår november fått utbetalning av ersättning för arbete. ,ekonomi,,www.scb.se/am0210 ,www.scb.se/am0210 
tillamp_forsk,measure,Tillämpad forskning,Tillämpad forskning,Tillämpad forskning,,Statistiken baseras på en undersökning i två delar: en totalundersökningsdel och en urvalsdel. Företag med 200 anställda eller fler totalundersöks. Ett urval görs av företag med 10–199 antal anställda. ,fou,,www.scb.se/uf0301,www.scb.se/uf0301
ton_kem,measure,Kemikalieprodukter (ton),Kemikalieprodukter,Ton kemikalieprodukter,ton,Registerbaserad. Med kemikalier avses produkter från den kemiska industrin. Till kemikalier räknas här även produkter som framställts via kemiska reaktioner i vedertagen kemiteknisk apparatur även om processerna ligger i andra branscher. Begreppet kemikalier kan avse såväl enstaka och specifika ämnen som blandningar av dem: det vill säga kemiska produkter. Populationen består av alla kemiska produkter som yrkesmässigt importeras eller tillverkas i Sverige eller som man byter namn på.,produkter,,https://www.kemi.se/kemikaliestatistik/overblick-over-kemikalier/kvalitetsdeklaration-for-overblicksstatistiken,https://www.kemi.se/kemikaliestatistik/overblick-over-kemikalier/kvalitetsdeklaration-for-overblicksstatistiken
tot_egen_fou,measure,Totala utgifter för egen FoU,Totala utgifter för egen FoU,Totala utgifter för egen FoU,,Statistiken baseras på en undersökning i två delar: en totalundersökningsdel och en urvalsdel. Företag med 200 anställda eller fler totalundersöks. Ett urval görs av företag med 10–199 antal anställda. ,fou,,www.scb.se/uf0301,www.scb.se/uf0301
tot_vatten,measure,Total vattenanvändning,Total vattenanvändning,Total vattenanvändning,,Baseras på en urvalsundersökning för arbetsställen inom tillverkningsindustrin och energisektorn för att undersöka volymer av vattenanvändning.,natur,,www.scb.se/mi0902,www.scb.se/mi0902
trafik_skatt,measure,Skatt på trafikförsäkringspremie,Skatt på trafikförsäkringspremie,Skatt på trafikförsäkringspremie,,En miljöskatt är en skatt vars skattebas är en fysisk enhet (eller ett närmevärde för den) av något som har en bevisad och specifik negativ inverkan på miljön.,eko_styr,,www.scb.se/mi1301,www.scb.se/mi1301
trangselskatt,measure,Trängselskatt,Trängselskatt,Trängselskatt,,En miljöskatt är en skatt vars skattebas är en fysisk enhet (eller ett närmevärde för den) av något som har en bevisad och specifik negativ inverkan på miljön.,eko_styr,,www.scb.se/mi1301,www.scb.se/mi1301
uppd_egen_fou,measure,Uppdragsfinansiering av egen FOU,Uppdragsfinansiering av egen FOU,Uppdragsfinansiering av egen FOU,,Statistiken baseras på en undersökning i två delar: en totalundersökningsdel och en urvalsdel. Företag med 200 anställda eller fler totalundersöks. Ett urval görs av företag med 10–199 antal anställda. ,fou,,www.scb.se/uf0301,www.scb.se/uf0301
utv_verk,measure,Utvecklingsverksamhet,Utvecklingsverksamhet,Utvecklingsverksamhet,,Statistiken baseras på en undersökning i två delar: en totalundersökningsdel och en urvalsdel. Företag med 200 anställda eller fler totalundersöks. Ett urval görs av företag med 10–199 antal anställda. ,fou,,www.scb.se/uf0301,www.scb.se/uf0301
vaxthus_inb_prod,measure,Växthusgasutsläpp inbäddade i produkter,Växthusgasutsläpp inbäddade i produkter,Växthusgasutsläpp inbäddade i produkter,,Utsläpp av växthusgaser från både inhemskt-producerade och importerade varor och tjänster som efterfrågas i den svenska ekonomin.,produkter,,www.scb.se/mi1301 ,www.scb.se/mi1301 
tag,entity_domain,Tag,Tag,Tag,,,_none,,,
name,string,Name,Name,Name,,,_none,,,
parent,string,Parent,Parent,Parent,,,_none,,,
description,string,Description,Description,Description,,,_none,,,
tags,string,Tags,Tags,Tags,,,_none,,,
year,time,Year,Year,Year,,,_root,,,
sni_id,entity_set,SNI-namn,SNI-namn,SNI-namn,,,_none,geog,,
domain,string,Domain,Domain,Domain,,,_none,,,
geog,entity_domain,Geography,Grupperingar och,Geography,,,_none,,,
unit,string,Enhet,Enhet,Enhet,,,_none,,,
source_url,string,Source URL,Source URL,Source URL,,,_none,,,
indicator_url,string,Indicator URL,Indicator URL,Indicator URL,,,_none,,,
sni_grupp,entity_set,SNI Grupp,SNI Grupp,SNI Grupp,,,kategori,geog,,
rank,measure,Rank,Rank,Rank,,,_none,,,
gender,entity_domain,Gender,Gender,Gender,,,_none,,,
lan,entity_domain,Län,Län,Län,,,_none,,,
name_short,string,Name Short,Name Short,Name Short,,,_none,,,
name_catalog,string,Name Catalog,Name Catalog,Name Catalog,,,_none,,,
