sni_id,lan,year,forv_man_bio
totalt_tota,1,2008,29474.28
totalt_tota,1,2009,29645.805
totalt_tota,1,2010,31343.026
totalt_tota,1,2011,30620.988
totalt_tota,1,2012,30497.095
totalt_tota,1,2013,29287.12
totalt_tota,1,2014,29189.763
totalt_tota,1,2015,29846.941
totalt_tota,1,2016,30630.047
totalt_tota,1,2017,30965.144
totalt_tota,1,2018,30104.417
totalt_tota,1,2019,30415.998
marknadsproduktion_varo,1,2008,27747.55
marknadsproduktion_varo,1,2009,27923.8
marknadsproduktion_varo,1,2010,29504.37
marknadsproduktion_varo,1,2011,28690.35
marknadsproduktion_varo,1,2012,28483.21
marknadsproduktion_varo,1,2013,27197.08
marknadsproduktion_varo,1,2014,27059.78
marknadsproduktion_varo,1,2015,27643.18
marknadsproduktion_varo,1,2016,28371.28
marknadsproduktion_varo,1,2017,28647.76
marknadsproduktion_varo,1,2018,27774.18
marknadsproduktion_varo,1,2019,28019.12
marknadsproduktion_tjan,1,2008,1726.73
marknadsproduktion_tjan,1,2009,1722.005
marknadsproduktion_tjan,1,2010,1838.656
marknadsproduktion_tjan,1,2011,1930.638
marknadsproduktion_tjan,1,2012,2013.885
marknadsproduktion_tjan,1,2013,2090.04
marknadsproduktion_tjan,1,2014,2129.983
marknadsproduktion_tjan,1,2015,2203.761
marknadsproduktion_tjan,1,2016,2258.767
marknadsproduktion_tjan,1,2017,2317.384
marknadsproduktion_tjan,1,2018,2330.237
marknadsproduktion_tjan,1,2019,2396.878
offentl_mynd,1,2008,0
offentl_mynd,1,2009,0
offentl_mynd,1,2010,0
offentl_mynd,1,2011,0
offentl_mynd,1,2012,0
offentl_mynd,1,2013,0
offentl_mynd,1,2014,0
offentl_mynd,1,2015,0
offentl_mynd,1,2016,0
offentl_mynd,1,2017,0
offentl_mynd,1,2018,0
offentl_mynd,1,2019,0
privat_kons,1,2008,
privat_kons,1,2009,
privat_kons,1,2010,
privat_kons,1,2011,
privat_kons,1,2012,
privat_kons,1,2013,
privat_kons,1,2014,
privat_kons,1,2015,
privat_kons,1,2016,
privat_kons,1,2017,
privat_kons,1,2018,
privat_kons,1,2019,
bransch_ospe,1,2008,0
bransch_ospe,1,2009,0
bransch_ospe,1,2010,0
bransch_ospe,1,2011,0
bransch_ospe,1,2012,0
bransch_ospe,1,2013,0
bransch_ospe,1,2014,0
bransch_ospe,1,2015,0
bransch_ospe,1,2016,0
bransch_ospe,1,2017,0
bransch_ospe,1,2018,0
bransch_ospe,1,2019,0
totalt_tota,2,2008,7048.351
totalt_tota,2,2009,6874.011
totalt_tota,2,2010,7158.989
totalt_tota,2,2011,7273.754
totalt_tota,2,2012,7369.691
totalt_tota,2,2013,7223.121
totalt_tota,2,2014,7164.374
totalt_tota,2,2015,7184.868
totalt_tota,2,2016,7326.208
totalt_tota,2,2017,7320.65
totalt_tota,2,2018,7164.473
totalt_tota,2,2019,7371.729
marknadsproduktion_varo,2,2008,6896.14
marknadsproduktion_varo,2,2009,6722.12
marknadsproduktion_varo,2,2010,6996.12
marknadsproduktion_varo,2,2011,7095.38
marknadsproduktion_varo,2,2012,7192.29
marknadsproduktion_varo,2,2013,7035.14
marknadsproduktion_varo,2,2014,6974.09
marknadsproduktion_varo,2,2015,6984.12
marknadsproduktion_varo,2,2016,7118.88
marknadsproduktion_varo,2,2017,7101.67
marknadsproduktion_varo,2,2018,6949.34
marknadsproduktion_varo,2,2019,7149.67
marknadsproduktion_tjan,2,2008,152.211
marknadsproduktion_tjan,2,2009,151.891
marknadsproduktion_tjan,2,2010,162.869
marknadsproduktion_tjan,2,2011,178.374
marknadsproduktion_tjan,2,2012,177.401
marknadsproduktion_tjan,2,2013,187.981
marknadsproduktion_tjan,2,2014,190.284
marknadsproduktion_tjan,2,2015,200.748
marknadsproduktion_tjan,2,2016,207.328
marknadsproduktion_tjan,2,2017,218.98
marknadsproduktion_tjan,2,2018,215.133
marknadsproduktion_tjan,2,2019,222.059
offentl_mynd,2,2008,0
offentl_mynd,2,2009,0
offentl_mynd,2,2010,0
offentl_mynd,2,2011,0
offentl_mynd,2,2012,0
offentl_mynd,2,2013,0
offentl_mynd,2,2014,0
offentl_mynd,2,2015,0
offentl_mynd,2,2016,0
offentl_mynd,2,2017,0
offentl_mynd,2,2018,0
offentl_mynd,2,2019,0
privat_kons,2,2008,
privat_kons,2,2009,
privat_kons,2,2010,
privat_kons,2,2011,
privat_kons,2,2012,
privat_kons,2,2013,
privat_kons,2,2014,
privat_kons,2,2015,
privat_kons,2,2016,
privat_kons,2,2017,
privat_kons,2,2018,
privat_kons,2,2019,
bransch_ospe,2,2008,0
bransch_ospe,2,2009,0
bransch_ospe,2,2010,0
bransch_ospe,2,2011,0
bransch_ospe,2,2012,0
bransch_ospe,2,2013,0
bransch_ospe,2,2014,0
bransch_ospe,2,2015,0
bransch_ospe,2,2016,0
bransch_ospe,2,2017,0
bransch_ospe,2,2018,0
bransch_ospe,2,2019,0
totalt_tota,3,2008,6302.025
totalt_tota,3,2009,6013.263
totalt_tota,3,2010,6299.686
totalt_tota,3,2011,6456.039
totalt_tota,3,2012,6323.905
totalt_tota,3,2013,6144.473
totalt_tota,3,2014,6069.683
totalt_tota,3,2015,6021.556
totalt_tota,3,2016,6085.953
totalt_tota,3,2017,6160.907
totalt_tota,3,2018,6017.831
totalt_tota,3,2019,6184.742
marknadsproduktion_varo,3,2008,6190
marknadsproduktion_varo,3,2009,5903.28
marknadsproduktion_varo,3,2010,6173.49
marknadsproduktion_varo,3,2011,6314.97
marknadsproduktion_varo,3,2012,6179.17
marknadsproduktion_varo,3,2013,5994.87
marknadsproduktion_varo,3,2014,5918.7
marknadsproduktion_varo,3,2015,5866.18
marknadsproduktion_varo,3,2016,5926.29
marknadsproduktion_varo,3,2017,5989.45
marknadsproduktion_varo,3,2018,5841.36
marknadsproduktion_varo,3,2019,6014
marknadsproduktion_tjan,3,2008,112.025
marknadsproduktion_tjan,3,2009,109.983
marknadsproduktion_tjan,3,2010,126.196
marknadsproduktion_tjan,3,2011,141.069
marknadsproduktion_tjan,3,2012,144.735
marknadsproduktion_tjan,3,2013,149.603
marknadsproduktion_tjan,3,2014,150.983
marknadsproduktion_tjan,3,2015,155.376
marknadsproduktion_tjan,3,2016,159.663
marknadsproduktion_tjan,3,2017,171.457
marknadsproduktion_tjan,3,2018,176.471
marknadsproduktion_tjan,3,2019,170.742
offentl_mynd,3,2008,0
offentl_mynd,3,2009,0
offentl_mynd,3,2010,0
offentl_mynd,3,2011,0
offentl_mynd,3,2012,0
offentl_mynd,3,2013,0
offentl_mynd,3,2014,0
offentl_mynd,3,2015,0
offentl_mynd,3,2016,0
offentl_mynd,3,2017,0
offentl_mynd,3,2018,0
offentl_mynd,3,2019,0
privat_kons,3,2008,
privat_kons,3,2009,
privat_kons,3,2010,
privat_kons,3,2011,
privat_kons,3,2012,
privat_kons,3,2013,
privat_kons,3,2014,
privat_kons,3,2015,
privat_kons,3,2016,
privat_kons,3,2017,
privat_kons,3,2018,
privat_kons,3,2019,
bransch_ospe,3,2008,0
bransch_ospe,3,2009,0
bransch_ospe,3,2010,0
bransch_ospe,3,2011,0
bransch_ospe,3,2012,0
bransch_ospe,3,2013,0
bransch_ospe,3,2014,0
bransch_ospe,3,2015,0
bransch_ospe,3,2016,0
bransch_ospe,3,2017,0
bransch_ospe,3,2018,0
bransch_ospe,3,2019,0
totalt_tota,4,2008,12757.503
totalt_tota,4,2009,12490.589
totalt_tota,4,2010,13024.45
totalt_tota,4,2011,13304.592
totalt_tota,4,2012,13000.344
totalt_tota,4,2013,12576.765
totalt_tota,4,2014,12600.336
totalt_tota,4,2015,12711.584
totalt_tota,4,2016,12997.5
totalt_tota,4,2017,13014.831
totalt_tota,4,2018,12870.806
totalt_tota,4,2019,12877.183
marknadsproduktion_varo,4,2008,12515.95
marknadsproduktion_varo,4,2009,12259.64
marknadsproduktion_varo,4,2010,12775.63
marknadsproduktion_varo,4,2011,13037.06
marknadsproduktion_varo,4,2012,12725.37
marknadsproduktion_varo,4,2013,12296.45
marknadsproduktion_varo,4,2014,12313.29
marknadsproduktion_varo,4,2015,12416.09
marknadsproduktion_varo,4,2016,12686.7
marknadsproduktion_varo,4,2017,12692.79
marknadsproduktion_varo,4,2018,12538.24
marknadsproduktion_varo,4,2019,12527.26
marknadsproduktion_tjan,4,2008,241.553
marknadsproduktion_tjan,4,2009,230.949
marknadsproduktion_tjan,4,2010,248.82
marknadsproduktion_tjan,4,2011,267.532
marknadsproduktion_tjan,4,2012,274.974
marknadsproduktion_tjan,4,2013,280.315
marknadsproduktion_tjan,4,2014,287.046
marknadsproduktion_tjan,4,2015,295.494
marknadsproduktion_tjan,4,2016,310.8
marknadsproduktion_tjan,4,2017,322.041
marknadsproduktion_tjan,4,2018,332.566
marknadsproduktion_tjan,4,2019,349.923
offentl_mynd,4,2008,0
offentl_mynd,4,2009,0
offentl_mynd,4,2010,0
offentl_mynd,4,2011,0
offentl_mynd,4,2012,0
offentl_mynd,4,2013,0
offentl_mynd,4,2014,0
offentl_mynd,4,2015,0
offentl_mynd,4,2016,0
offentl_mynd,4,2017,0
offentl_mynd,4,2018,0
offentl_mynd,4,2019,0
privat_kons,4,2008,
privat_kons,4,2009,
privat_kons,4,2010,
privat_kons,4,2011,
privat_kons,4,2012,
privat_kons,4,2013,
privat_kons,4,2014,
privat_kons,4,2015,
privat_kons,4,2016,
privat_kons,4,2017,
privat_kons,4,2018,
privat_kons,4,2019,
bransch_ospe,4,2008,0
bransch_ospe,4,2009,0
bransch_ospe,4,2010,0
bransch_ospe,4,2011,0
bransch_ospe,4,2012,0
bransch_ospe,4,2013,0
bransch_ospe,4,2014,0
bransch_ospe,4,2015,0
bransch_ospe,4,2016,0
bransch_ospe,4,2017,0
bransch_ospe,4,2018,0
bransch_ospe,4,2019,0
totalt_tota,5,2008,13833.383
totalt_tota,5,2009,13170.933
totalt_tota,5,2010,13591.101
totalt_tota,5,2011,13941.605
totalt_tota,5,2012,13657.639
totalt_tota,5,2013,13392.65
totalt_tota,5,2014,13404.852
totalt_tota,5,2015,13833.4
totalt_tota,5,2016,14114.587
totalt_tota,5,2017,14320.19
totalt_tota,5,2018,14183.711
totalt_tota,5,2019,13999.021
marknadsproduktion_varo,5,2008,13695.96
marknadsproduktion_varo,5,2009,13044.37
marknadsproduktion_varo,5,2010,13438.67
marknadsproduktion_varo,5,2011,13776.95
marknadsproduktion_varo,5,2012,13492.25
marknadsproduktion_varo,5,2013,13219.21
marknadsproduktion_varo,5,2014,13219.29
marknadsproduktion_varo,5,2015,13635.47
marknadsproduktion_varo,5,2016,13897.75
marknadsproduktion_varo,5,2017,14091.95
marknadsproduktion_varo,5,2018,13951.74
marknadsproduktion_varo,5,2019,13772.81
marknadsproduktion_tjan,5,2008,137.423
marknadsproduktion_tjan,5,2009,126.563
marknadsproduktion_tjan,5,2010,152.431
marknadsproduktion_tjan,5,2011,164.655
marknadsproduktion_tjan,5,2012,165.389
marknadsproduktion_tjan,5,2013,173.44
marknadsproduktion_tjan,5,2014,185.562
marknadsproduktion_tjan,5,2015,197.93
marknadsproduktion_tjan,5,2016,216.837
marknadsproduktion_tjan,5,2017,228.24
marknadsproduktion_tjan,5,2018,231.971
marknadsproduktion_tjan,5,2019,226.211
offentl_mynd,5,2008,0
offentl_mynd,5,2009,0
offentl_mynd,5,2010,0
offentl_mynd,5,2011,0
offentl_mynd,5,2012,0
offentl_mynd,5,2013,0
offentl_mynd,5,2014,0
offentl_mynd,5,2015,0
offentl_mynd,5,2016,0
offentl_mynd,5,2017,0
offentl_mynd,5,2018,0
offentl_mynd,5,2019,0
privat_kons,5,2008,
privat_kons,5,2009,
privat_kons,5,2010,
privat_kons,5,2011,
privat_kons,5,2012,
privat_kons,5,2013,
privat_kons,5,2014,
privat_kons,5,2015,
privat_kons,5,2016,
privat_kons,5,2017,
privat_kons,5,2018,
privat_kons,5,2019,
bransch_ospe,5,2008,0
bransch_ospe,5,2009,0
bransch_ospe,5,2010,0
bransch_ospe,5,2011,0
bransch_ospe,5,2012,0
bransch_ospe,5,2013,0
bransch_ospe,5,2014,0
bransch_ospe,5,2015,0
bransch_ospe,5,2016,0
bransch_ospe,5,2017,0
bransch_ospe,5,2018,0
bransch_ospe,5,2019,0
totalt_tota,6,2008,7508.578
totalt_tota,6,2009,7256.858
totalt_tota,6,2010,7495.806
totalt_tota,6,2011,7834.815
totalt_tota,6,2012,7603.042
totalt_tota,6,2013,7229.148
totalt_tota,6,2014,7223.182
totalt_tota,6,2015,7149.502
totalt_tota,6,2016,7206.432
totalt_tota,6,2017,7378.843
totalt_tota,6,2018,7145.4
totalt_tota,6,2019,7217.355
marknadsproduktion_varo,6,2008,7435.46
marknadsproduktion_varo,6,2009,7187.59
marknadsproduktion_varo,6,2010,7416.89
marknadsproduktion_varo,6,2011,7754.33
marknadsproduktion_varo,6,2012,7522.45
marknadsproduktion_varo,6,2013,7138.84
marknadsproduktion_varo,6,2014,7130.05
marknadsproduktion_varo,6,2015,7050.21
marknadsproduktion_varo,6,2016,7104.13
marknadsproduktion_varo,6,2017,7268.33
marknadsproduktion_varo,6,2018,7026.82
marknadsproduktion_varo,6,2019,7098.44
marknadsproduktion_tjan,6,2008,73.118
marknadsproduktion_tjan,6,2009,69.268
marknadsproduktion_tjan,6,2010,78.916
marknadsproduktion_tjan,6,2011,80.485
marknadsproduktion_tjan,6,2012,80.592
marknadsproduktion_tjan,6,2013,90.308
marknadsproduktion_tjan,6,2014,93.132
marknadsproduktion_tjan,6,2015,99.292
marknadsproduktion_tjan,6,2016,102.302
marknadsproduktion_tjan,6,2017,110.513
marknadsproduktion_tjan,6,2018,118.58
marknadsproduktion_tjan,6,2019,118.915
offentl_mynd,6,2008,0
offentl_mynd,6,2009,0
offentl_mynd,6,2010,0
offentl_mynd,6,2011,0
offentl_mynd,6,2012,0
offentl_mynd,6,2013,0
offentl_mynd,6,2014,0
offentl_mynd,6,2015,0
offentl_mynd,6,2016,0
offentl_mynd,6,2017,0
offentl_mynd,6,2018,0
offentl_mynd,6,2019,0
privat_kons,6,2008,
privat_kons,6,2009,
privat_kons,6,2010,
privat_kons,6,2011,
privat_kons,6,2012,
privat_kons,6,2013,
privat_kons,6,2014,
privat_kons,6,2015,
privat_kons,6,2016,
privat_kons,6,2017,
privat_kons,6,2018,
privat_kons,6,2019,
bransch_ospe,6,2008,0
bransch_ospe,6,2009,0
bransch_ospe,6,2010,0
bransch_ospe,6,2011,0
bransch_ospe,6,2012,0
bransch_ospe,6,2013,0
bransch_ospe,6,2014,0
bransch_ospe,6,2015,0
bransch_ospe,6,2016,0
bransch_ospe,6,2017,0
bransch_ospe,6,2018,0
bransch_ospe,6,2019,0
totalt_tota,7,2008,10686.765
totalt_tota,7,2009,10429.483
totalt_tota,7,2010,10811.171
totalt_tota,7,2011,11190.293
totalt_tota,7,2012,10923.676
totalt_tota,7,2013,10684.718
totalt_tota,7,2014,10872.1
totalt_tota,7,2015,10970.854
totalt_tota,7,2016,10806.714
totalt_tota,7,2017,10912.718
totalt_tota,7,2018,10651.636
totalt_tota,7,2019,10757.666
marknadsproduktion_varo,7,2008,10586.78
marknadsproduktion_varo,7,2009,10332.47
marknadsproduktion_varo,7,2010,10708.2
marknadsproduktion_varo,7,2011,11084.8
marknadsproduktion_varo,7,2012,10811.46
marknadsproduktion_varo,7,2013,10558.24
marknadsproduktion_varo,7,2014,10742.96
marknadsproduktion_varo,7,2015,10837.76
marknadsproduktion_varo,7,2016,10660.45
marknadsproduktion_varo,7,2017,10762.73
marknadsproduktion_varo,7,2018,10505.67
marknadsproduktion_varo,7,2019,10626.02
marknadsproduktion_tjan,7,2008,99.985
marknadsproduktion_tjan,7,2009,97.013
marknadsproduktion_tjan,7,2010,102.971
marknadsproduktion_tjan,7,2011,105.493
marknadsproduktion_tjan,7,2012,112.216
marknadsproduktion_tjan,7,2013,126.478
marknadsproduktion_tjan,7,2014,129.14
marknadsproduktion_tjan,7,2015,133.094
marknadsproduktion_tjan,7,2016,146.264
marknadsproduktion_tjan,7,2017,149.988
marknadsproduktion_tjan,7,2018,145.966
marknadsproduktion_tjan,7,2019,131.646
offentl_mynd,7,2008,0
offentl_mynd,7,2009,0
offentl_mynd,7,2010,0
offentl_mynd,7,2011,0
offentl_mynd,7,2012,0
offentl_mynd,7,2013,0
offentl_mynd,7,2014,0
offentl_mynd,7,2015,0
offentl_mynd,7,2016,0
offentl_mynd,7,2017,0
offentl_mynd,7,2018,0
offentl_mynd,7,2019,0
privat_kons,7,2008,
privat_kons,7,2009,
privat_kons,7,2010,
privat_kons,7,2011,
privat_kons,7,2012,
privat_kons,7,2013,
privat_kons,7,2014,
privat_kons,7,2015,
privat_kons,7,2016,
privat_kons,7,2017,
privat_kons,7,2018,
privat_kons,7,2019,
bransch_ospe,7,2008,0
bransch_ospe,7,2009,0
bransch_ospe,7,2010,0
bransch_ospe,7,2011,0
bransch_ospe,7,2012,0
bransch_ospe,7,2013,0
bransch_ospe,7,2014,0
bransch_ospe,7,2015,0
bransch_ospe,7,2016,0
bransch_ospe,7,2017,0
bransch_ospe,7,2018,0
bransch_ospe,7,2019,0
totalt_tota,8,2008,2308.734
totalt_tota,8,2009,2301.678
totalt_tota,8,2010,2418.25
totalt_tota,8,2011,2551.306
totalt_tota,8,2012,2567.013
totalt_tota,8,2013,2521.282
totalt_tota,8,2014,2493.442
totalt_tota,8,2015,2465.005
totalt_tota,8,2016,2484.39
totalt_tota,8,2017,2502.231
totalt_tota,8,2018,2451.186
totalt_tota,8,2019,2338.424
marknadsproduktion_varo,8,2008,2270.57
marknadsproduktion_varo,8,2009,2264.04
marknadsproduktion_varo,8,2010,2378.31
marknadsproduktion_varo,8,2011,2511.28
marknadsproduktion_varo,8,2012,2530.34
marknadsproduktion_varo,8,2013,2481.42
marknadsproduktion_varo,8,2014,2452.25
marknadsproduktion_varo,8,2015,2422.49
marknadsproduktion_varo,8,2016,2442.49
marknadsproduktion_varo,8,2017,2459.33
marknadsproduktion_varo,8,2018,2407.63
marknadsproduktion_varo,8,2019,2295.67
marknadsproduktion_tjan,8,2008,38.164
marknadsproduktion_tjan,8,2009,37.638
marknadsproduktion_tjan,8,2010,39.94
marknadsproduktion_tjan,8,2011,40.026
marknadsproduktion_tjan,8,2012,36.673
marknadsproduktion_tjan,8,2013,39.862
marknadsproduktion_tjan,8,2014,41.192
marknadsproduktion_tjan,8,2015,42.515
marknadsproduktion_tjan,8,2016,41.9
marknadsproduktion_tjan,8,2017,42.901
marknadsproduktion_tjan,8,2018,43.556
marknadsproduktion_tjan,8,2019,42.754
offentl_mynd,8,2008,0
offentl_mynd,8,2009,0
offentl_mynd,8,2010,0
offentl_mynd,8,2011,0
offentl_mynd,8,2012,0
offentl_mynd,8,2013,0
offentl_mynd,8,2014,0
offentl_mynd,8,2015,0
offentl_mynd,8,2016,0
offentl_mynd,8,2017,0
offentl_mynd,8,2018,0
offentl_mynd,8,2019,0
privat_kons,8,2008,
privat_kons,8,2009,
privat_kons,8,2010,
privat_kons,8,2011,
privat_kons,8,2012,
privat_kons,8,2013,
privat_kons,8,2014,
privat_kons,8,2015,
privat_kons,8,2016,
privat_kons,8,2017,
privat_kons,8,2018,
privat_kons,8,2019,
bransch_ospe,8,2008,0
bransch_ospe,8,2009,0
bransch_ospe,8,2010,0
bransch_ospe,8,2011,0
bransch_ospe,8,2012,0
bransch_ospe,8,2013,0
bransch_ospe,8,2014,0
bransch_ospe,8,2015,0
bransch_ospe,8,2016,0
bransch_ospe,8,2017,0
bransch_ospe,8,2018,0
bransch_ospe,8,2019,0
totalt_tota,9,2008,4777.583
totalt_tota,9,2009,4635.168
totalt_tota,9,2010,4732.125
totalt_tota,9,2011,4875.508
totalt_tota,9,2012,4605.714
totalt_tota,9,2013,4486.299
totalt_tota,9,2014,4438.335
totalt_tota,9,2015,4336.456
totalt_tota,9,2016,4418.017
totalt_tota,9,2017,4409.647
totalt_tota,9,2018,4243.373
totalt_tota,9,2019,4285.492
marknadsproduktion_varo,9,2008,4705.8
marknadsproduktion_varo,9,2009,4563.44
marknadsproduktion_varo,9,2010,4662.08
marknadsproduktion_varo,9,2011,4802.28
marknadsproduktion_varo,9,2012,4526.52
marknadsproduktion_varo,9,2013,4406.82
marknadsproduktion_varo,9,2014,4361.2
marknadsproduktion_varo,9,2015,4253.51
marknadsproduktion_varo,9,2016,4327.08
marknadsproduktion_varo,9,2017,4314.94
marknadsproduktion_varo,9,2018,4148.57
marknadsproduktion_varo,9,2019,4195.24
marknadsproduktion_tjan,9,2008,71.783
marknadsproduktion_tjan,9,2009,71.728
marknadsproduktion_tjan,9,2010,70.045
marknadsproduktion_tjan,9,2011,73.228
marknadsproduktion_tjan,9,2012,79.194
marknadsproduktion_tjan,9,2013,79.479
marknadsproduktion_tjan,9,2014,77.135
marknadsproduktion_tjan,9,2015,82.946
marknadsproduktion_tjan,9,2016,90.937
marknadsproduktion_tjan,9,2017,94.707
marknadsproduktion_tjan,9,2018,94.803
marknadsproduktion_tjan,9,2019,90.252
offentl_mynd,9,2008,0
offentl_mynd,9,2009,0
offentl_mynd,9,2010,0
offentl_mynd,9,2011,0
offentl_mynd,9,2012,0
offentl_mynd,9,2013,0
offentl_mynd,9,2014,0
offentl_mynd,9,2015,0
offentl_mynd,9,2016,0
offentl_mynd,9,2017,0
offentl_mynd,9,2018,0
offentl_mynd,9,2019,0
privat_kons,9,2008,
privat_kons,9,2009,
privat_kons,9,2010,
privat_kons,9,2011,
privat_kons,9,2012,
privat_kons,9,2013,
privat_kons,9,2014,
privat_kons,9,2015,
privat_kons,9,2016,
privat_kons,9,2017,
privat_kons,9,2018,
privat_kons,9,2019,
bransch_ospe,9,2008,0
bransch_ospe,9,2009,0
bransch_ospe,9,2010,0
bransch_ospe,9,2011,0
bransch_ospe,9,2012,0
bransch_ospe,9,2013,0
bransch_ospe,9,2014,0
bransch_ospe,9,2015,0
bransch_ospe,9,2016,0
bransch_ospe,9,2017,0
bransch_ospe,9,2018,0
bransch_ospe,9,2019,0
totalt_tota,10,2008,35415.508
totalt_tota,10,2009,33805.16
totalt_tota,10,2010,34178.974
totalt_tota,10,2011,34364.446
totalt_tota,10,2012,33772.968
totalt_tota,10,2013,32383.596
totalt_tota,10,2014,32562.424
totalt_tota,10,2015,31856.37
totalt_tota,10,2016,32033.021
totalt_tota,10,2017,31988.422
totalt_tota,10,2018,31482.937
totalt_tota,10,2019,31822.301
marknadsproduktion_varo,10,2008,34750.21
marknadsproduktion_varo,10,2009,33153.83
marknadsproduktion_varo,10,2010,33475.03
marknadsproduktion_varo,10,2011,33630.91
marknadsproduktion_varo,10,2012,33014.83
marknadsproduktion_varo,10,2013,31609.36
marknadsproduktion_varo,10,2014,31772.85
marknadsproduktion_varo,10,2015,31030.07
marknadsproduktion_varo,10,2016,31178.65
marknadsproduktion_varo,10,2017,31111.31
marknadsproduktion_varo,10,2018,30591.32
marknadsproduktion_varo,10,2019,30891.82
marknadsproduktion_tjan,10,2008,665.298
marknadsproduktion_tjan,10,2009,651.33
marknadsproduktion_tjan,10,2010,703.944
marknadsproduktion_tjan,10,2011,733.536
marknadsproduktion_tjan,10,2012,758.138
marknadsproduktion_tjan,10,2013,774.236
marknadsproduktion_tjan,10,2014,789.574
marknadsproduktion_tjan,10,2015,826.3
marknadsproduktion_tjan,10,2016,854.371
marknadsproduktion_tjan,10,2017,877.112
marknadsproduktion_tjan,10,2018,891.617
marknadsproduktion_tjan,10,2019,930.481
offentl_mynd,10,2008,0
offentl_mynd,10,2009,0
offentl_mynd,10,2010,0
offentl_mynd,10,2011,0
offentl_mynd,10,2012,0
offentl_mynd,10,2013,0
offentl_mynd,10,2014,0
offentl_mynd,10,2015,0
offentl_mynd,10,2016,0
offentl_mynd,10,2017,0
offentl_mynd,10,2018,0
offentl_mynd,10,2019,0
privat_kons,10,2008,
privat_kons,10,2009,
privat_kons,10,2010,
privat_kons,10,2011,
privat_kons,10,2012,
privat_kons,10,2013,
privat_kons,10,2014,
privat_kons,10,2015,
privat_kons,10,2016,
privat_kons,10,2017,
privat_kons,10,2018,
privat_kons,10,2019,
bransch_ospe,10,2008,0
bransch_ospe,10,2009,0
bransch_ospe,10,2010,0
bransch_ospe,10,2011,0
bransch_ospe,10,2012,0
bransch_ospe,10,2013,0
bransch_ospe,10,2014,0
bransch_ospe,10,2015,0
bransch_ospe,10,2016,0
bransch_ospe,10,2017,0
bransch_ospe,10,2018,0
bransch_ospe,10,2019,0
totalt_tota,11,2008,11094.192
totalt_tota,11,2009,10866.732
totalt_tota,11,2010,10945.467
totalt_tota,11,2011,11437.638
totalt_tota,11,2012,11140.734
totalt_tota,11,2013,10601.879
totalt_tota,11,2014,10401.501
totalt_tota,11,2015,10570.988
totalt_tota,11,2016,10680.223
totalt_tota,11,2017,10800.522
totalt_tota,11,2018,10544.503
totalt_tota,11,2019,10695.895
marknadsproduktion_varo,11,2008,10968.56
marknadsproduktion_varo,11,2009,10749.85
marknadsproduktion_varo,11,2010,10810.33
marknadsproduktion_varo,11,2011,11288.67
marknadsproduktion_varo,11,2012,10991.11
marknadsproduktion_varo,11,2013,10448.42
marknadsproduktion_varo,11,2014,10240.86
marknadsproduktion_varo,11,2015,10405.81
marknadsproduktion_varo,11,2016,10512.53
marknadsproduktion_varo,11,2017,10617.67
marknadsproduktion_varo,11,2018,10362.33
marknadsproduktion_varo,11,2019,10505.6
marknadsproduktion_tjan,11,2008,125.632
marknadsproduktion_tjan,11,2009,116.882
marknadsproduktion_tjan,11,2010,135.137
marknadsproduktion_tjan,11,2011,148.968
marknadsproduktion_tjan,11,2012,149.624
marknadsproduktion_tjan,11,2013,153.459
marknadsproduktion_tjan,11,2014,160.641
marknadsproduktion_tjan,11,2015,165.178
marknadsproduktion_tjan,11,2016,167.693
marknadsproduktion_tjan,11,2017,182.852
marknadsproduktion_tjan,11,2018,182.173
marknadsproduktion_tjan,11,2019,190.295
offentl_mynd,11,2008,0
offentl_mynd,11,2009,0
offentl_mynd,11,2010,0
offentl_mynd,11,2011,0
offentl_mynd,11,2012,0
offentl_mynd,11,2013,0
offentl_mynd,11,2014,0
offentl_mynd,11,2015,0
offentl_mynd,11,2016,0
offentl_mynd,11,2017,0
offentl_mynd,11,2018,0
offentl_mynd,11,2019,0
privat_kons,11,2008,
privat_kons,11,2009,
privat_kons,11,2010,
privat_kons,11,2011,
privat_kons,11,2012,
privat_kons,11,2013,
privat_kons,11,2014,
privat_kons,11,2015,
privat_kons,11,2016,
privat_kons,11,2017,
privat_kons,11,2018,
privat_kons,11,2019,
bransch_ospe,11,2008,0
bransch_ospe,11,2009,0
bransch_ospe,11,2010,0
bransch_ospe,11,2011,0
bransch_ospe,11,2012,0
bransch_ospe,11,2013,0
bransch_ospe,11,2014,0
bransch_ospe,11,2015,0
bransch_ospe,11,2016,0
bransch_ospe,11,2017,0
bransch_ospe,11,2018,0
bransch_ospe,11,2019,0
totalt_tota,12,2008,40720.969
totalt_tota,12,2009,39281.368
totalt_tota,12,2010,40811.886
totalt_tota,12,2011,41969.177
totalt_tota,12,2012,41597.455
totalt_tota,12,2013,40141.182
totalt_tota,12,2014,39815.131
totalt_tota,12,2015,39730.337
totalt_tota,12,2016,40303.053
totalt_tota,12,2017,40506.125
totalt_tota,12,2018,39863.661
totalt_tota,12,2019,40576.025
marknadsproduktion_varo,12,2008,39796.09
marknadsproduktion_varo,12,2009,38412.89
marknadsproduktion_varo,12,2010,39844.56
marknadsproduktion_varo,12,2011,40932.54
marknadsproduktion_varo,12,2012,40524.99
marknadsproduktion_varo,12,2013,39047.75
marknadsproduktion_varo,12,2014,38706.12
marknadsproduktion_varo,12,2015,38539.37
marknadsproduktion_varo,12,2016,39074.38
marknadsproduktion_varo,12,2017,39216.4
marknadsproduktion_varo,12,2018,38551.67
marknadsproduktion_varo,12,2019,39251.76
marknadsproduktion_tjan,12,2008,924.879
marknadsproduktion_tjan,12,2009,868.478
marknadsproduktion_tjan,12,2010,967.326
marknadsproduktion_tjan,12,2011,1036.637
marknadsproduktion_tjan,12,2012,1072.465
marknadsproduktion_tjan,12,2013,1093.432
marknadsproduktion_tjan,12,2014,1109.011
marknadsproduktion_tjan,12,2015,1190.967
marknadsproduktion_tjan,12,2016,1228.673
marknadsproduktion_tjan,12,2017,1289.725
marknadsproduktion_tjan,12,2018,1311.991
marknadsproduktion_tjan,12,2019,1324.265
offentl_mynd,12,2008,0
offentl_mynd,12,2009,0
offentl_mynd,12,2010,0
offentl_mynd,12,2011,0
offentl_mynd,12,2012,0
offentl_mynd,12,2013,0
offentl_mynd,12,2014,0
offentl_mynd,12,2015,0
offentl_mynd,12,2016,0
offentl_mynd,12,2017,0
offentl_mynd,12,2018,0
offentl_mynd,12,2019,0
privat_kons,12,2008,
privat_kons,12,2009,
privat_kons,12,2010,
privat_kons,12,2011,
privat_kons,12,2012,
privat_kons,12,2013,
privat_kons,12,2014,
privat_kons,12,2015,
privat_kons,12,2016,
privat_kons,12,2017,
privat_kons,12,2018,
privat_kons,12,2019,
bransch_ospe,12,2008,0
bransch_ospe,12,2009,0
bransch_ospe,12,2010,0
bransch_ospe,12,2011,0
bransch_ospe,12,2012,0
bransch_ospe,12,2013,0
bransch_ospe,12,2014,0
bransch_ospe,12,2015,0
bransch_ospe,12,2016,0
bransch_ospe,12,2017,0
bransch_ospe,12,2018,0
bransch_ospe,12,2019,0
totalt_tota,13,2008,10388.895
totalt_tota,13,2009,9833.17
totalt_tota,13,2010,10162.671
totalt_tota,13,2011,10828.414
totalt_tota,13,2012,10576.994
totalt_tota,13,2013,10400.68
totalt_tota,13,2014,10253.258
totalt_tota,13,2015,10315.414
totalt_tota,13,2016,10410.968
totalt_tota,13,2017,10549.442
totalt_tota,13,2018,10386.29
totalt_tota,13,2019,10492.945
marknadsproduktion_varo,13,2008,10262.23
marknadsproduktion_varo,13,2009,9713.66
marknadsproduktion_varo,13,2010,10032.76
marknadsproduktion_varo,13,2011,10690.48
marknadsproduktion_varo,13,2012,10436.46
marknadsproduktion_varo,13,2013,10261.23
marknadsproduktion_varo,13,2014,10110.45
marknadsproduktion_varo,13,2015,10162.96
marknadsproduktion_varo,13,2016,10255.79
marknadsproduktion_varo,13,2017,10390.1
marknadsproduktion_varo,13,2018,10221.11
marknadsproduktion_varo,13,2019,10332.55
marknadsproduktion_tjan,13,2008,126.665
marknadsproduktion_tjan,13,2009,119.51
marknadsproduktion_tjan,13,2010,129.911
marknadsproduktion_tjan,13,2011,137.934
marknadsproduktion_tjan,13,2012,140.534
marknadsproduktion_tjan,13,2013,139.45
marknadsproduktion_tjan,13,2014,142.808
marknadsproduktion_tjan,13,2015,152.454
marknadsproduktion_tjan,13,2016,155.178
marknadsproduktion_tjan,13,2017,159.342
marknadsproduktion_tjan,13,2018,165.18
marknadsproduktion_tjan,13,2019,160.395
offentl_mynd,13,2008,0
offentl_mynd,13,2009,0
offentl_mynd,13,2010,0
offentl_mynd,13,2011,0
offentl_mynd,13,2012,0
offentl_mynd,13,2013,0
offentl_mynd,13,2014,0
offentl_mynd,13,2015,0
offentl_mynd,13,2016,0
offentl_mynd,13,2017,0
offentl_mynd,13,2018,0
offentl_mynd,13,2019,0
privat_kons,13,2008,
privat_kons,13,2009,
privat_kons,13,2010,
privat_kons,13,2011,
privat_kons,13,2012,
privat_kons,13,2013,
privat_kons,13,2014,
privat_kons,13,2015,
privat_kons,13,2016,
privat_kons,13,2017,
privat_kons,13,2018,
privat_kons,13,2019,
bransch_ospe,13,2008,0
bransch_ospe,13,2009,0
bransch_ospe,13,2010,0
bransch_ospe,13,2011,0
bransch_ospe,13,2012,0
bransch_ospe,13,2013,0
bransch_ospe,13,2014,0
bransch_ospe,13,2015,0
bransch_ospe,13,2016,0
bransch_ospe,13,2017,0
bransch_ospe,13,2018,0
bransch_ospe,13,2019,0
totalt_tota,14,2008,8214.615
totalt_tota,14,2009,7859.595
totalt_tota,14,2010,8111.197
totalt_tota,14,2011,8293.139
totalt_tota,14,2012,8153.646
totalt_tota,14,2013,7935.161
totalt_tota,14,2014,7952.032
totalt_tota,14,2015,7870.264
totalt_tota,14,2016,8024.121
totalt_tota,14,2017,8030.163
totalt_tota,14,2018,7984.259
totalt_tota,14,2019,8087.597
marknadsproduktion_varo,14,2008,8065.59
marknadsproduktion_varo,14,2009,7723.43
marknadsproduktion_varo,14,2010,7956.39
marknadsproduktion_varo,14,2011,8131.96
marknadsproduktion_varo,14,2012,7990.88
marknadsproduktion_varo,14,2013,7776.17
marknadsproduktion_varo,14,2014,7789.33
marknadsproduktion_varo,14,2015,7697.81
marknadsproduktion_varo,14,2016,7850.4
marknadsproduktion_varo,14,2017,7843.34
marknadsproduktion_varo,14,2018,7792.67
marknadsproduktion_varo,14,2019,7894.74
marknadsproduktion_tjan,14,2008,149.025
marknadsproduktion_tjan,14,2009,136.165
marknadsproduktion_tjan,14,2010,154.807
marknadsproduktion_tjan,14,2011,161.179
marknadsproduktion_tjan,14,2012,162.766
marknadsproduktion_tjan,14,2013,158.991
marknadsproduktion_tjan,14,2014,162.702
marknadsproduktion_tjan,14,2015,172.454
marknadsproduktion_tjan,14,2016,173.721
marknadsproduktion_tjan,14,2017,186.823
marknadsproduktion_tjan,14,2018,191.589
marknadsproduktion_tjan,14,2019,192.857
offentl_mynd,14,2008,0
offentl_mynd,14,2009,0
offentl_mynd,14,2010,0
offentl_mynd,14,2011,0
offentl_mynd,14,2012,0
offentl_mynd,14,2013,0
offentl_mynd,14,2014,0
offentl_mynd,14,2015,0
offentl_mynd,14,2016,0
offentl_mynd,14,2017,0
offentl_mynd,14,2018,0
offentl_mynd,14,2019,0
privat_kons,14,2008,
privat_kons,14,2009,
privat_kons,14,2010,
privat_kons,14,2011,
privat_kons,14,2012,
privat_kons,14,2013,
privat_kons,14,2014,
privat_kons,14,2015,
privat_kons,14,2016,
privat_kons,14,2017,
privat_kons,14,2018,
privat_kons,14,2019,
bransch_ospe,14,2008,0
bransch_ospe,14,2009,0
bransch_ospe,14,2010,0
bransch_ospe,14,2011,0
bransch_ospe,14,2012,0
bransch_ospe,14,2013,0
bransch_ospe,14,2014,0
bransch_ospe,14,2015,0
bransch_ospe,14,2016,0
bransch_ospe,14,2017,0
bransch_ospe,14,2018,0
bransch_ospe,14,2019,0
totalt_tota,15,2008,5060.225
totalt_tota,15,2009,4803.467
totalt_tota,15,2010,5077.458
totalt_tota,15,2011,5169.515
totalt_tota,15,2012,5088.467
totalt_tota,15,2013,4803.534
totalt_tota,15,2014,4664.907
totalt_tota,15,2015,4631.09
totalt_tota,15,2016,4673.144
totalt_tota,15,2017,4696.476
totalt_tota,15,2018,4608.909
totalt_tota,15,2019,4659.142
marknadsproduktion_varo,15,2008,4936.82
marknadsproduktion_varo,15,2009,4689.01
marknadsproduktion_varo,15,2010,4943.27
marknadsproduktion_varo,15,2011,5023.9
marknadsproduktion_varo,15,2012,4937.74
marknadsproduktion_varo,15,2013,4643.63
marknadsproduktion_varo,15,2014,4505.49
marknadsproduktion_varo,15,2015,4466.74
marknadsproduktion_varo,15,2016,4504.06
marknadsproduktion_varo,15,2017,4508.92
marknadsproduktion_varo,15,2018,4417.35
marknadsproduktion_varo,15,2019,4463.85
marknadsproduktion_tjan,15,2008,123.405
marknadsproduktion_tjan,15,2009,114.457
marknadsproduktion_tjan,15,2010,134.188
marknadsproduktion_tjan,15,2011,145.615
marknadsproduktion_tjan,15,2012,150.727
marknadsproduktion_tjan,15,2013,159.904
marknadsproduktion_tjan,15,2014,159.417
marknadsproduktion_tjan,15,2015,164.35
marknadsproduktion_tjan,15,2016,169.084
marknadsproduktion_tjan,15,2017,187.556
marknadsproduktion_tjan,15,2018,191.559
marknadsproduktion_tjan,15,2019,195.292
offentl_mynd,15,2008,0
offentl_mynd,15,2009,0
offentl_mynd,15,2010,0
offentl_mynd,15,2011,0
offentl_mynd,15,2012,0
offentl_mynd,15,2013,0
offentl_mynd,15,2014,0
offentl_mynd,15,2015,0
offentl_mynd,15,2016,0
offentl_mynd,15,2017,0
offentl_mynd,15,2018,0
offentl_mynd,15,2019,0
privat_kons,15,2008,
privat_kons,15,2009,
privat_kons,15,2010,
privat_kons,15,2011,
privat_kons,15,2012,
privat_kons,15,2013,
privat_kons,15,2014,
privat_kons,15,2015,
privat_kons,15,2016,
privat_kons,15,2017,
privat_kons,15,2018,
privat_kons,15,2019,
bransch_ospe,15,2008,0
bransch_ospe,15,2009,0
bransch_ospe,15,2010,0
bransch_ospe,15,2011,0
bransch_ospe,15,2012,0
bransch_ospe,15,2013,0
bransch_ospe,15,2014,0
bransch_ospe,15,2015,0
bransch_ospe,15,2016,0
bransch_ospe,15,2017,0
bransch_ospe,15,2018,0
bransch_ospe,15,2019,0
totalt_tota,16,2008,10469.033
totalt_tota,16,2009,10220.306
totalt_tota,16,2010,10648.673
totalt_tota,16,2011,10992.922
totalt_tota,16,2012,10868.642
totalt_tota,16,2013,10468.26
totalt_tota,16,2014,10304.932
totalt_tota,16,2015,10396.497
totalt_tota,16,2016,10236.427
totalt_tota,16,2017,10360.595
totalt_tota,16,2018,9988.325
totalt_tota,16,2019,10318.084
marknadsproduktion_varo,16,2008,10337.11
marknadsproduktion_varo,16,2009,10084.2
marknadsproduktion_varo,16,2010,10503.7
marknadsproduktion_varo,16,2011,10841.54
marknadsproduktion_varo,16,2012,10708.83
marknadsproduktion_varo,16,2013,10308.35
marknadsproduktion_varo,16,2014,10139.75
marknadsproduktion_varo,16,2015,10228.43
marknadsproduktion_varo,16,2016,10054.9
marknadsproduktion_varo,16,2017,10180.96
marknadsproduktion_varo,16,2018,9807.2
marknadsproduktion_varo,16,2019,10142.66
marknadsproduktion_tjan,16,2008,131.923
marknadsproduktion_tjan,16,2009,136.106
marknadsproduktion_tjan,16,2010,144.973
marknadsproduktion_tjan,16,2011,151.382
marknadsproduktion_tjan,16,2012,159.812
marknadsproduktion_tjan,16,2013,159.91
marknadsproduktion_tjan,16,2014,165.182
marknadsproduktion_tjan,16,2015,168.067
marknadsproduktion_tjan,16,2016,181.527
marknadsproduktion_tjan,16,2017,179.635
marknadsproduktion_tjan,16,2018,181.125
marknadsproduktion_tjan,16,2019,175.424
offentl_mynd,16,2008,0
offentl_mynd,16,2009,0
offentl_mynd,16,2010,0
offentl_mynd,16,2011,0
offentl_mynd,16,2012,0
offentl_mynd,16,2013,0
offentl_mynd,16,2014,0
offentl_mynd,16,2015,0
offentl_mynd,16,2016,0
offentl_mynd,16,2017,0
offentl_mynd,16,2018,0
offentl_mynd,16,2019,0
privat_kons,16,2008,
privat_kons,16,2009,
privat_kons,16,2010,
privat_kons,16,2011,
privat_kons,16,2012,
privat_kons,16,2013,
privat_kons,16,2014,
privat_kons,16,2015,
privat_kons,16,2016,
privat_kons,16,2017,
privat_kons,16,2018,
privat_kons,16,2019,
bransch_ospe,16,2008,0
bransch_ospe,16,2009,0
bransch_ospe,16,2010,0
bransch_ospe,16,2011,0
bransch_ospe,16,2012,0
bransch_ospe,16,2013,0
bransch_ospe,16,2014,0
bransch_ospe,16,2015,0
bransch_ospe,16,2016,0
bransch_ospe,16,2017,0
bransch_ospe,16,2018,0
bransch_ospe,16,2019,0
totalt_tota,17,2008,10869.958
totalt_tota,17,2009,10422.86
totalt_tota,17,2010,10709.911
totalt_tota,17,2011,11093.712
totalt_tota,17,2012,10892.106
totalt_tota,17,2013,10401.788
totalt_tota,17,2014,10126.554
totalt_tota,17,2015,10090.919
totalt_tota,17,2016,10121.188
totalt_tota,17,2017,10218.71
totalt_tota,17,2018,9970.077
totalt_tota,17,2019,10142.517
marknadsproduktion_varo,17,2008,10724.18
marknadsproduktion_varo,17,2009,10289.12
marknadsproduktion_varo,17,2010,10569.82
marknadsproduktion_varo,17,2011,10952.61
marknadsproduktion_varo,17,2012,10742.56
marknadsproduktion_varo,17,2013,10250.08
marknadsproduktion_varo,17,2014,9973.53
marknadsproduktion_varo,17,2015,9942.07
marknadsproduktion_varo,17,2016,9967.58
marknadsproduktion_varo,17,2017,10063.09
marknadsproduktion_varo,17,2018,9810.95
marknadsproduktion_varo,17,2019,9977.3
marknadsproduktion_tjan,17,2008,145.778
marknadsproduktion_tjan,17,2009,133.74
marknadsproduktion_tjan,17,2010,140.091
marknadsproduktion_tjan,17,2011,141.102
marknadsproduktion_tjan,17,2012,149.546
marknadsproduktion_tjan,17,2013,151.708
marknadsproduktion_tjan,17,2014,153.024
marknadsproduktion_tjan,17,2015,148.849
marknadsproduktion_tjan,17,2016,153.608
marknadsproduktion_tjan,17,2017,155.62
marknadsproduktion_tjan,17,2018,159.127
marknadsproduktion_tjan,17,2019,165.217
offentl_mynd,17,2008,0
offentl_mynd,17,2009,0
offentl_mynd,17,2010,0
offentl_mynd,17,2011,0
offentl_mynd,17,2012,0
offentl_mynd,17,2013,0
offentl_mynd,17,2014,0
offentl_mynd,17,2015,0
offentl_mynd,17,2016,0
offentl_mynd,17,2017,0
offentl_mynd,17,2018,0
offentl_mynd,17,2019,0
privat_kons,17,2008,
privat_kons,17,2009,
privat_kons,17,2010,
privat_kons,17,2011,
privat_kons,17,2012,
privat_kons,17,2013,
privat_kons,17,2014,
privat_kons,17,2015,
privat_kons,17,2016,
privat_kons,17,2017,
privat_kons,17,2018,
privat_kons,17,2019,
bransch_ospe,17,2008,0
bransch_ospe,17,2009,0
bransch_ospe,17,2010,0
bransch_ospe,17,2011,0
bransch_ospe,17,2012,0
bransch_ospe,17,2013,0
bransch_ospe,17,2014,0
bransch_ospe,17,2015,0
bransch_ospe,17,2016,0
bransch_ospe,17,2017,0
bransch_ospe,17,2018,0
bransch_ospe,17,2019,0
totalt_tota,18,2008,9559.224
totalt_tota,18,2009,9070.024
totalt_tota,18,2010,9223.614
totalt_tota,18,2011,9700.864
totalt_tota,18,2012,9758.256
totalt_tota,18,2013,9524.511
totalt_tota,18,2014,9573.946
totalt_tota,18,2015,9472.176
totalt_tota,18,2016,9366.403
totalt_tota,18,2017,9376.034
totalt_tota,18,2018,9240.054
totalt_tota,18,2019,9354.201
marknadsproduktion_varo,18,2008,9437.47
marknadsproduktion_varo,18,2009,8952.19
marknadsproduktion_varo,18,2010,9105.24
marknadsproduktion_varo,18,2011,9581.34
marknadsproduktion_varo,18,2012,9633.19
marknadsproduktion_varo,18,2013,9396.46
marknadsproduktion_varo,18,2014,9441.98
marknadsproduktion_varo,18,2015,9338.25
marknadsproduktion_varo,18,2016,9226.38
marknadsproduktion_varo,18,2017,9234.81
marknadsproduktion_varo,18,2018,9098.11
marknadsproduktion_varo,18,2019,9209.7
marknadsproduktion_tjan,18,2008,121.754
marknadsproduktion_tjan,18,2009,117.834
marknadsproduktion_tjan,18,2010,118.374
marknadsproduktion_tjan,18,2011,119.524
marknadsproduktion_tjan,18,2012,125.066
marknadsproduktion_tjan,18,2013,128.051
marknadsproduktion_tjan,18,2014,131.966
marknadsproduktion_tjan,18,2015,133.926
marknadsproduktion_tjan,18,2016,140.023
marknadsproduktion_tjan,18,2017,141.224
marknadsproduktion_tjan,18,2018,141.944
marknadsproduktion_tjan,18,2019,144.501
offentl_mynd,18,2008,0
offentl_mynd,18,2009,0
offentl_mynd,18,2010,0
offentl_mynd,18,2011,0
offentl_mynd,18,2012,0
offentl_mynd,18,2013,0
offentl_mynd,18,2014,0
offentl_mynd,18,2015,0
offentl_mynd,18,2016,0
offentl_mynd,18,2017,0
offentl_mynd,18,2018,0
offentl_mynd,18,2019,0
privat_kons,18,2008,
privat_kons,18,2009,
privat_kons,18,2010,
privat_kons,18,2011,
privat_kons,18,2012,
privat_kons,18,2013,
privat_kons,18,2014,
privat_kons,18,2015,
privat_kons,18,2016,
privat_kons,18,2017,
privat_kons,18,2018,
privat_kons,18,2019,
bransch_ospe,18,2008,0
bransch_ospe,18,2009,0
bransch_ospe,18,2010,0
bransch_ospe,18,2011,0
bransch_ospe,18,2012,0
bransch_ospe,18,2013,0
bransch_ospe,18,2014,0
bransch_ospe,18,2015,0
bransch_ospe,18,2016,0
bransch_ospe,18,2017,0
bransch_ospe,18,2018,0
bransch_ospe,18,2019,0
totalt_tota,19,2008,5044.442
totalt_tota,19,2009,4945.817
totalt_tota,19,2010,4998.88
totalt_tota,19,2011,5504.688
totalt_tota,19,2012,5476.15
totalt_tota,19,2013,5318.346
totalt_tota,19,2014,5333.415
totalt_tota,19,2015,5301.834
totalt_tota,19,2016,5183.477
totalt_tota,19,2017,5238.474
totalt_tota,19,2018,5128.387
totalt_tota,19,2019,5317.122
marknadsproduktion_varo,19,2008,4941.97
marknadsproduktion_varo,19,2009,4849.68
marknadsproduktion_varo,19,2010,4904.25
marknadsproduktion_varo,19,2011,5411.55
marknadsproduktion_varo,19,2012,5383.57
marknadsproduktion_varo,19,2013,5217.69
marknadsproduktion_varo,19,2014,5233.16
marknadsproduktion_varo,19,2015,5199.22
marknadsproduktion_varo,19,2016,5074.98
marknadsproduktion_varo,19,2017,5127.02
marknadsproduktion_varo,19,2018,5015.14
marknadsproduktion_varo,19,2019,5208.99
marknadsproduktion_tjan,19,2008,102.472
marknadsproduktion_tjan,19,2009,96.137
marknadsproduktion_tjan,19,2010,94.63
marknadsproduktion_tjan,19,2011,93.138
marknadsproduktion_tjan,19,2012,92.58
marknadsproduktion_tjan,19,2013,100.656
marknadsproduktion_tjan,19,2014,100.255
marknadsproduktion_tjan,19,2015,102.614
marknadsproduktion_tjan,19,2016,108.497
marknadsproduktion_tjan,19,2017,111.454
marknadsproduktion_tjan,19,2018,113.247
marknadsproduktion_tjan,19,2019,108.132
offentl_mynd,19,2008,0
offentl_mynd,19,2009,0
offentl_mynd,19,2010,0
offentl_mynd,19,2011,0
offentl_mynd,19,2012,0
offentl_mynd,19,2013,0
offentl_mynd,19,2014,0
offentl_mynd,19,2015,0
offentl_mynd,19,2016,0
offentl_mynd,19,2017,0
offentl_mynd,19,2018,0
offentl_mynd,19,2019,0
privat_kons,19,2008,
privat_kons,19,2009,
privat_kons,19,2010,
privat_kons,19,2011,
privat_kons,19,2012,
privat_kons,19,2013,
privat_kons,19,2014,
privat_kons,19,2015,
privat_kons,19,2016,
privat_kons,19,2017,
privat_kons,19,2018,
privat_kons,19,2019,
bransch_ospe,19,2008,0
bransch_ospe,19,2009,0
bransch_ospe,19,2010,0
bransch_ospe,19,2011,0
bransch_ospe,19,2012,0
bransch_ospe,19,2013,0
bransch_ospe,19,2014,0
bransch_ospe,19,2015,0
bransch_ospe,19,2016,0
bransch_ospe,19,2017,0
bransch_ospe,19,2018,0
bransch_ospe,19,2019,0
totalt_tota,20,2008,8547.03
totalt_tota,20,2009,8322.492
totalt_tota,20,2010,8669.926
totalt_tota,20,2011,9582.972
totalt_tota,20,2012,9576.697
totalt_tota,20,2013,9234.182
totalt_tota,20,2014,9157.106
totalt_tota,20,2015,9038.396
totalt_tota,20,2016,9001.179
totalt_tota,20,2017,9125.948
totalt_tota,20,2018,8906.499
totalt_tota,20,2019,9283.679
marknadsproduktion_varo,20,2008,8423.58
marknadsproduktion_varo,20,2009,8207.74
marknadsproduktion_varo,20,2010,8544.9
marknadsproduktion_varo,20,2011,9453.28
marknadsproduktion_varo,20,2012,9436.98
marknadsproduktion_varo,20,2013,9087.1
marknadsproduktion_varo,20,2014,9010.89
marknadsproduktion_varo,20,2015,8890.18
marknadsproduktion_varo,20,2016,8845.34
marknadsproduktion_varo,20,2017,8971.88
marknadsproduktion_varo,20,2018,8751.6
marknadsproduktion_varo,20,2019,9123.05
marknadsproduktion_tjan,20,2008,123.45
marknadsproduktion_tjan,20,2009,114.752
marknadsproduktion_tjan,20,2010,125.026
marknadsproduktion_tjan,20,2011,129.692
marknadsproduktion_tjan,20,2012,139.717
marknadsproduktion_tjan,20,2013,147.082
marknadsproduktion_tjan,20,2014,146.216
marknadsproduktion_tjan,20,2015,148.216
marknadsproduktion_tjan,20,2016,155.839
marknadsproduktion_tjan,20,2017,154.068
marknadsproduktion_tjan,20,2018,154.899
marknadsproduktion_tjan,20,2019,160.629
offentl_mynd,20,2008,0
offentl_mynd,20,2009,0
offentl_mynd,20,2010,0
offentl_mynd,20,2011,0
offentl_mynd,20,2012,0
offentl_mynd,20,2013,0
offentl_mynd,20,2014,0
offentl_mynd,20,2015,0
offentl_mynd,20,2016,0
offentl_mynd,20,2017,0
offentl_mynd,20,2018,0
offentl_mynd,20,2019,0
privat_kons,20,2008,
privat_kons,20,2009,
privat_kons,20,2010,
privat_kons,20,2011,
privat_kons,20,2012,
privat_kons,20,2013,
privat_kons,20,2014,
privat_kons,20,2015,
privat_kons,20,2016,
privat_kons,20,2017,
privat_kons,20,2018,
privat_kons,20,2019,
bransch_ospe,20,2008,0
bransch_ospe,20,2009,0
bransch_ospe,20,2010,0
bransch_ospe,20,2011,0
bransch_ospe,20,2012,0
bransch_ospe,20,2013,0
bransch_ospe,20,2014,0
bransch_ospe,20,2015,0
bransch_ospe,20,2016,0
bransch_ospe,20,2017,0
bransch_ospe,20,2018,0
bransch_ospe,20,2019,0
totalt_tota,21,2008,8367.711
totalt_tota,21,2009,8080.789
totalt_tota,21,2010,8515.922
totalt_tota,21,2011,9177.912
totalt_tota,21,2012,9169.367
totalt_tota,21,2013,8959.26
totalt_tota,21,2014,8863.026
totalt_tota,21,2015,8896.417
totalt_tota,21,2016,8976.451
totalt_tota,21,2017,9042.12
totalt_tota,21,2018,8797.822
totalt_tota,21,2019,9037.244
marknadsproduktion_varo,21,2008,8230.88
marknadsproduktion_varo,21,2009,7953.66
marknadsproduktion_varo,21,2010,8383.38
marknadsproduktion_varo,21,2011,9037.97
marknadsproduktion_varo,21,2012,9021.62
marknadsproduktion_varo,21,2013,8808.25
marknadsproduktion_varo,21,2014,8705.58
marknadsproduktion_varo,21,2015,8733.51
marknadsproduktion_varo,21,2016,8811.36
marknadsproduktion_varo,21,2017,8875.22
marknadsproduktion_varo,21,2018,8631.28
marknadsproduktion_varo,21,2019,8871.27
marknadsproduktion_tjan,21,2008,136.831
marknadsproduktion_tjan,21,2009,127.129
marknadsproduktion_tjan,21,2010,132.542
marknadsproduktion_tjan,21,2011,139.942
marknadsproduktion_tjan,21,2012,147.747
marknadsproduktion_tjan,21,2013,151.01
marknadsproduktion_tjan,21,2014,157.446
marknadsproduktion_tjan,21,2015,162.907
marknadsproduktion_tjan,21,2016,165.091
marknadsproduktion_tjan,21,2017,166.9
marknadsproduktion_tjan,21,2018,166.542
marknadsproduktion_tjan,21,2019,165.974
offentl_mynd,21,2008,0
offentl_mynd,21,2009,0
offentl_mynd,21,2010,0
offentl_mynd,21,2011,0
offentl_mynd,21,2012,0
offentl_mynd,21,2013,0
offentl_mynd,21,2014,0
offentl_mynd,21,2015,0
offentl_mynd,21,2016,0
offentl_mynd,21,2017,0
offentl_mynd,21,2018,0
offentl_mynd,21,2019,0
privat_kons,21,2008,
privat_kons,21,2009,
privat_kons,21,2010,
privat_kons,21,2011,
privat_kons,21,2012,
privat_kons,21,2013,
privat_kons,21,2014,
privat_kons,21,2015,
privat_kons,21,2016,
privat_kons,21,2017,
privat_kons,21,2018,
privat_kons,21,2019,
bransch_ospe,21,2008,0
bransch_ospe,21,2009,0
bransch_ospe,21,2010,0
bransch_ospe,21,2011,0
bransch_ospe,21,2012,0
bransch_ospe,21,2013,0
bransch_ospe,21,2014,0
bransch_ospe,21,2015,0
bransch_ospe,21,2016,0
bransch_ospe,21,2017,0
bransch_ospe,21,2018,0
bransch_ospe,21,2019,0
totalt_tota,22,2008,10.732
totalt_tota,22,2009,7.758
totalt_tota,22,2010,10.114
totalt_tota,22,2011,13.774
totalt_tota,22,2012,16.767
totalt_tota,22,2013,23.593
totalt_tota,22,2014,22.307
totalt_tota,22,2015,23.794
totalt_tota,22,2016,15.78
totalt_tota,22,2017,15.579
totalt_tota,22,2018,15.197
totalt_tota,22,2019,8.689
marknadsproduktion_varo,22,2008,6.04
marknadsproduktion_varo,22,2009,3.44
marknadsproduktion_varo,22,2010,5.64
marknadsproduktion_varo,22,2011,3.83
marknadsproduktion_varo,22,2012,4.59
marknadsproduktion_varo,22,2013,9.66
marknadsproduktion_varo,22,2014,7.91
marknadsproduktion_varo,22,2015,10.9
marknadsproduktion_varo,22,2016,5.79
marknadsproduktion_varo,22,2017,6.45
marknadsproduktion_varo,22,2018,5.96
marknadsproduktion_varo,22,2019,4.33
marknadsproduktion_tjan,22,2008,4.692
marknadsproduktion_tjan,22,2009,4.318
marknadsproduktion_tjan,22,2010,4.474
marknadsproduktion_tjan,22,2011,9.944
marknadsproduktion_tjan,22,2012,12.177
marknadsproduktion_tjan,22,2013,13.933
marknadsproduktion_tjan,22,2014,14.397
marknadsproduktion_tjan,22,2015,12.894
marknadsproduktion_tjan,22,2016,9.99
marknadsproduktion_tjan,22,2017,9.129
marknadsproduktion_tjan,22,2018,9.237
marknadsproduktion_tjan,22,2019,4.359
totalt_tota,23,2008,258459.736
totalt_tota,23,2009,250337.326
totalt_tota,23,2010,258939.297
totalt_tota,23,2011,266178.073
totalt_tota,23,2012,262636.368
totalt_tota,23,2013,253741.548
totalt_tota,23,2014,252486.606
totalt_tota,23,2015,252714.662
totalt_tota,23,2016,255095.283
totalt_tota,23,2017,256933.771
totalt_tota,23,2018,251749.753
totalt_tota,23,2019,255243.051
marknadsproduktion_varo,23,2008,252924.94
marknadsproduktion_varo,23,2009,244983.45
marknadsproduktion_varo,23,2010,253133.03
marknadsproduktion_varo,23,2011,260047.98
marknadsproduktion_varo,23,2012,256290.41
marknadsproduktion_varo,23,2013,247192.22
marknadsproduktion_varo,23,2014,245809.51
marknadsproduktion_varo,23,2015,245754.33
marknadsproduktion_varo,23,2016,247897.19
marknadsproduktion_varo,23,2017,249476.12
marknadsproduktion_varo,23,2018,244200.24
marknadsproduktion_varo,23,2019,247575.85
marknadsproduktion_tjan,23,2008,5534.796
marknadsproduktion_tjan,23,2009,5353.876
marknadsproduktion_tjan,23,2010,5806.267
marknadsproduktion_tjan,23,2011,6130.093
marknadsproduktion_tjan,23,2012,6345.958
marknadsproduktion_tjan,23,2013,6549.328
marknadsproduktion_tjan,23,2014,6677.096
marknadsproduktion_tjan,23,2015,6960.332
marknadsproduktion_tjan,23,2016,7198.093
marknadsproduktion_tjan,23,2017,7457.651
marknadsproduktion_tjan,23,2018,7549.513
marknadsproduktion_tjan,23,2019,7667.201
offentl_mynd,23,2008,0
offentl_mynd,23,2009,0
offentl_mynd,23,2010,0
offentl_mynd,23,2011,0
offentl_mynd,23,2012,0
offentl_mynd,23,2013,0
offentl_mynd,23,2014,0
offentl_mynd,23,2015,0
offentl_mynd,23,2016,0
offentl_mynd,23,2017,0
offentl_mynd,23,2018,0
offentl_mynd,23,2019,0
privat_kons,23,2008,
privat_kons,23,2009,
privat_kons,23,2010,
privat_kons,23,2011,
privat_kons,23,2012,
privat_kons,23,2013,
privat_kons,23,2014,
privat_kons,23,2015,
privat_kons,23,2016,
privat_kons,23,2017,
privat_kons,23,2018,
privat_kons,23,2019,
bransch_ospe,23,2008,
bransch_ospe,23,2009,
bransch_ospe,23,2010,
bransch_ospe,23,2011,
bransch_ospe,23,2012,
bransch_ospe,23,2013,
bransch_ospe,23,2014,
bransch_ospe,23,2015,
bransch_ospe,23,2016,
bransch_ospe,23,2017,
bransch_ospe,23,2018,
bransch_ospe,23,2019,
