sni_id,year,ant_for_tot
jur_andra,2000,
jur_andra,2001,
jur_andra,2002,
jur_andra,2003,
jur_andra,2004,
jur_andra,2005,
jur_andra,2006,24940
jur_andra,2007,26590
jur_andra,2008,26240
jur_andra,2009,30931
jur_andra,2010,31443
jur_andra,2011,31389
jur_andra,2012,32149
jur_andra,2013,32639
jur_andra,2014,33218
jur_andra,2015,33507
jur_andra,2016,33929
jur_andra,2017,34227
jur_andra,2018,34030
jur_andra,2019,34295
jur_andra,2020,34699
jur_andra,2021,34726
jur_andra,2022,
jur_andra,2023,
andra_kons,2000,
andra_kons,2001,
andra_kons,2002,
andra_kons,2003,
andra_kons,2004,
andra_kons,2005,
andra_kons,2006,37919
andra_kons,2007,39985
andra_kons,2008,40265
andra_kons,2009,43803
andra_kons,2010,44376
andra_kons,2011,44492
andra_kons,2012,45392
andra_kons,2013,45933
andra_kons,2014,46455
andra_kons,2015,46592
andra_kons,2016,47144
andra_kons,2017,48229
andra_kons,2018,49145
andra_kons,2019,50028
andra_kons,2020,50071
andra_kons,2021,49667
andra_kons,2022,
andra_kons,2023,
anlaggningar_for,2000,
anlaggningar_for,2001,
anlaggningar_for,2002,
anlaggningar_for,2003,
anlaggningar_for,2004,
anlaggningar_for,2005,
anlaggningar_for,2006,85
anlaggningar_for,2007,88
anlaggningar_for,2008,101
anlaggningar_for,2009,112
anlaggningar_for,2010,116
anlaggningar_for,2011,117
anlaggningar_for,2012,113
anlaggningar_for,2013,107
anlaggningar_for,2014,121
anlaggningar_for,2015,128
anlaggningar_for,2016,134
anlaggningar_for,2017,143
anlaggningar_for,2018,145
anlaggningar_for,2019,150
anlaggningar_for,2020,146
anlaggningar_for,2021,144
anlaggningar_for,2022,
anlaggningar_for,2023,
anlaggningsentreprenorer,2000,
anlaggningsentreprenorer,2001,
anlaggningsentreprenorer,2002,
anlaggningsentreprenorer,2003,
anlaggningsentreprenorer,2004,
anlaggningsentreprenorer,2005,
anlaggningsentreprenorer,2006,1354
anlaggningsentreprenorer,2007,1441
anlaggningsentreprenorer,2008,1543
anlaggningsentreprenorer,2009,1757
anlaggningsentreprenorer,2010,1873
anlaggningsentreprenorer,2011,1978
anlaggningsentreprenorer,2012,2130
anlaggningsentreprenorer,2013,2278
anlaggningsentreprenorer,2014,2446
anlaggningsentreprenorer,2015,2642
anlaggningsentreprenorer,2016,2891
anlaggningsentreprenorer,2017,3058
anlaggningsentreprenorer,2018,3315
anlaggningsentreprenorer,2019,3679
anlaggningsentreprenorer,2020,3962
anlaggningsentreprenorer,2021,4153
anlaggningsentreprenorer,2022,
anlaggningsentreprenorer,2023,
annan_indu,2000,
annan_indu,2001,
annan_indu,2002,
annan_indu,2003,
annan_indu,2004,
annan_indu,2005,
annan_indu,2006,568
annan_indu,2007,564
annan_indu,2008,554
annan_indu,2009,593
annan_indu,2010,595
annan_indu,2011,568
annan_indu,2012,553
annan_indu,2013,546
annan_indu,2014,532
annan_indu,2015,543
annan_indu,2016,545
annan_indu,2017,541
annan_indu,2018,535
annan_indu,2019,538
annan_indu,2020,544
annan_indu,2021,543
annan_indu,2022,
annan_indu,2023,
andra_till,2000,
andra_till,2001,
andra_till,2002,
andra_till,2003,
andra_till,2004,
andra_till,2005,
andra_till,2006,4066
andra_till,2007,4133
andra_till,2008,3937
andra_till,2009,4478
andra_till,2010,4452
andra_till,2011,4400
andra_till,2012,4439
andra_till,2013,4415
andra_till,2014,4449
andra_till,2015,4425
andra_till,2016,4412
andra_till,2017,4389
andra_till,2018,4357
andra_till,2019,4407
andra_till,2020,4445
andra_till,2021,4428
andra_till,2022,
andra_till,2023,
andra_tran,2000,
andra_tran,2001,
andra_tran,2002,
andra_tran,2003,
andra_tran,2004,
andra_tran,2005,
andra_tran,2006,905
andra_tran,2007,903
andra_tran,2008,830
andra_tran,2009,900
andra_tran,2010,899
andra_tran,2011,874
andra_tran,2012,888
andra_tran,2013,880
andra_tran,2014,894
andra_tran,2015,891
andra_tran,2016,893
andra_tran,2017,888
andra_tran,2018,904
andra_tran,2019,934
andra_tran,2020,937
andra_tran,2021,938
andra_tran,2022,
andra_tran,2023,
arbetsformedlingar_rekr,2000,
arbetsformedlingar_rekr,2001,
arbetsformedlingar_rekr,2002,
arbetsformedlingar_rekr,2003,
arbetsformedlingar_rekr,2004,
arbetsformedlingar_rekr,2005,
arbetsformedlingar_rekr,2006,2995
arbetsformedlingar_rekr,2007,2971
arbetsformedlingar_rekr,2008,2996
arbetsformedlingar_rekr,2009,3541
arbetsformedlingar_rekr,2010,3755
arbetsformedlingar_rekr,2011,4044
arbetsformedlingar_rekr,2012,4244
arbetsformedlingar_rekr,2013,4468
arbetsformedlingar_rekr,2014,4973
arbetsformedlingar_rekr,2015,5416
arbetsformedlingar_rekr,2016,5731
arbetsformedlingar_rekr,2017,6164
arbetsformedlingar_rekr,2018,6634
arbetsformedlingar_rekr,2019,7347
arbetsformedlingar_rekr,2020,8036
arbetsformedlingar_rekr,2021,8523
arbetsformedlingar_rekr,2022,
arbetsformedlingar_rekr,2023,
arkitekt,2000,
arkitekt,2001,
arkitekt,2002,
arkitekt,2003,
arkitekt,2004,
arkitekt,2005,
arkitekt,2006,31817
arkitekt,2007,32289
arkitekt,2008,30840
arkitekt,2009,35370
arkitekt,2010,35643
arkitekt,2011,35576
arkitekt,2012,36276
arkitekt,2013,36735
arkitekt,2014,37356
arkitekt,2015,37993
arkitekt,2016,38826
arkitekt,2017,39579
arkitekt,2018,40396
arkitekt,2019,41361
arkitekt,2020,42553
arkitekt,2021,43240
arkitekt,2022,
arkitekt,2023,
avfallshantering_ater,2000,
avfallshantering_ater,2001,
avfallshantering_ater,2002,
avfallshantering_ater,2003,
avfallshantering_ater,2004,
avfallshantering_ater,2005,
avfallshantering_ater,2006,722
avfallshantering_ater,2007,722
avfallshantering_ater,2008,712
avfallshantering_ater,2009,785
avfallshantering_ater,2010,818
avfallshantering_ater,2011,840
avfallshantering_ater,2012,844
avfallshantering_ater,2013,839
avfallshantering_ater,2014,836
avfallshantering_ater,2015,851
avfallshantering_ater,2016,890
avfallshantering_ater,2017,900
avfallshantering_ater,2018,925
avfallshantering_ater,2019,944
avfallshantering_ater,2020,957
avfallshantering_ater,2021,996
avfallshantering_ater,2022,
avfallshantering_ater,2023,
banker,2000,
banker,2001,
banker,2002,
banker,2003,
banker,2004,
banker,2005,
banker,2006,5125
banker,2007,5240
banker,2008,6127
banker,2009,8071
banker,2010,9120
banker,2011,10912
banker,2012,11647
banker,2013,13121
banker,2014,14248
banker,2015,15298
banker,2016,16157
banker,2017,16952
banker,2018,18016
banker,2019,19408
banker,2020,20859
banker,2021,22272
banker,2022,
banker,2023,
bekladnadsindustri,2000,
bekladnadsindustri,2001,
bekladnadsindustri,2002,
bekladnadsindustri,2003,
bekladnadsindustri,2004,
bekladnadsindustri,2005,
bekladnadsindustri,2006,1866
bekladnadsindustri,2007,1893
bekladnadsindustri,2008,1785
bekladnadsindustri,2009,2028
bekladnadsindustri,2010,2015
bekladnadsindustri,2011,1970
bekladnadsindustri,2012,1996
bekladnadsindustri,2013,2012
bekladnadsindustri,2014,2011
bekladnadsindustri,2015,1991
bekladnadsindustri,2016,1957
bekladnadsindustri,2017,1931
bekladnadsindustri,2018,1850
bekladnadsindustri,2019,1832
bekladnadsindustri,2020,1778
bekladnadsindustri,2021,1713
bekladnadsindustri,2022,
bekladnadsindustri,2023,
bibliotek_arki,2000,
bibliotek_arki,2001,
bibliotek_arki,2002,
bibliotek_arki,2003,
bibliotek_arki,2004,
bibliotek_arki,2005,
bibliotek_arki,2006,654
bibliotek_arki,2007,668
bibliotek_arki,2008,625
bibliotek_arki,2009,734
bibliotek_arki,2010,753
bibliotek_arki,2011,758
bibliotek_arki,2012,790
bibliotek_arki,2013,813
bibliotek_arki,2014,826
bibliotek_arki,2015,830
bibliotek_arki,2016,838
bibliotek_arki,2017,833
bibliotek_arki,2018,847
bibliotek_arki,2019,849
bibliotek_arki,2020,861
bibliotek_arki,2021,863
bibliotek_arki,2022,
bibliotek_arki,2023,
byggentreprenorer,2000,
byggentreprenorer,2001,
byggentreprenorer,2002,
byggentreprenorer,2003,
byggentreprenorer,2004,
byggentreprenorer,2005,
byggentreprenorer,2006,16748
byggentreprenorer,2007,17083
byggentreprenorer,2008,18217
byggentreprenorer,2009,20524
byggentreprenorer,2010,21145
byggentreprenorer,2011,21607
byggentreprenorer,2012,22302
byggentreprenorer,2013,22989
byggentreprenorer,2014,23875
byggentreprenorer,2015,24474
byggentreprenorer,2016,24793
byggentreprenorer,2017,25047
byggentreprenorer,2018,25718
byggentreprenorer,2019,27315
byggentreprenorer,2020,28354
byggentreprenorer,2021,28254
byggentreprenorer,2022,
byggentreprenorer,2023,
offentlig_forv,2000,
offentlig_forv,2001,
offentlig_forv,2002,
offentlig_forv,2003,
offentlig_forv,2004,
offentlig_forv,2005,
offentlig_forv,2006,569
offentlig_forv,2007,593
offentlig_forv,2008,547
offentlig_forv,2009,668
offentlig_forv,2010,670
offentlig_forv,2011,633
offentlig_forv,2012,628
offentlig_forv,2013,610
offentlig_forv,2014,631
offentlig_forv,2015,620
offentlig_forv,2016,629
offentlig_forv,2017,622
offentlig_forv,2018,643
offentlig_forv,2019,638
offentlig_forv,2020,639
offentlig_forv,2021,647
offentlig_forv,2022,
offentlig_forv,2023,
detaljhandel_ut_mot,2000,
detaljhandel_ut_mot,2001,
detaljhandel_ut_mot,2002,
detaljhandel_ut_mot,2003,
detaljhandel_ut_mot,2004,
detaljhandel_ut_mot,2005,
detaljhandel_ut_mot,2006,57437
detaljhandel_ut_mot,2007,57457
detaljhandel_ut_mot,2008,55453
detaljhandel_ut_mot,2009,60329
detaljhandel_ut_mot,2010,60096
detaljhandel_ut_mot,2011,58999
detaljhandel_ut_mot,2012,59435
detaljhandel_ut_mot,2013,59480
detaljhandel_ut_mot,2014,59570
detaljhandel_ut_mot,2015,59036
detaljhandel_ut_mot,2016,58840
detaljhandel_ut_mot,2017,58159
detaljhandel_ut_mot,2018,59132
detaljhandel_ut_mot,2019,61900
detaljhandel_ut_mot,2020,62749
detaljhandel_ut_mot,2021,63798
detaljhandel_ut_mot,2022,
detaljhandel_ut_mot,2023,
drycker,2000,
drycker,2001,
drycker,2002,
drycker,2003,
drycker,2004,
drycker,2005,
drycker,2006,121
drycker,2007,125
drycker,2008,129
drycker,2009,162
drycker,2010,206
drycker,2011,260
drycker,2012,334
drycker,2013,427
drycker,2014,491
drycker,2015,575
drycker,2016,623
drycker,2017,689
drycker,2018,749
drycker,2019,806
drycker,2020,836
drycker,2021,843
drycker,2022,
drycker,2023,
el_gas,2000,
el_gas,2001,
el_gas,2002,
el_gas,2003,
el_gas,2004,
el_gas,2005,
el_gas,2006,1470
el_gas,2007,1599
el_gas,2008,1732
el_gas,2009,2008
el_gas,2010,2169
el_gas,2011,2262
el_gas,2012,2448
el_gas,2013,4225
el_gas,2014,5913
el_gas,2015,3352
el_gas,2016,3015
el_gas,2017,2874
el_gas,2018,2842
el_gas,2019,2815
el_gas,2020,2922
el_gas,2021,3137
el_gas,2022,
el_gas,2023,
halso,2000,
halso,2001,
halso,2002,
halso,2003,
halso,2004,
halso,2005,
halso,2006,22950
halso,2007,23520
halso,2008,22031
halso,2009,25940
halso,2010,26927
halso,2011,27619
halso,2012,28215
halso,2013,29034
halso,2014,30039
halso,2015,30753
halso,2016,31572
halso,2017,32074
halso,2018,32520
halso,2019,33038
halso,2020,33918
halso,2021,34776
halso,2022,
halso,2023,
enheter_for_konst,2000,
enheter_for_konst,2001,
enheter_for_konst,2002,
enheter_for_konst,2003,
enheter_for_konst,2004,
enheter_for_konst,2005,
enheter_for_konst,2006,29399
enheter_for_konst,2007,31212
enheter_for_konst,2008,29579
enheter_for_konst,2009,37541
enheter_for_konst,2010,39796
enheter_for_konst,2011,41098
enheter_for_konst,2012,42698
enheter_for_konst,2013,43948
enheter_for_konst,2014,45198
enheter_for_konst,2015,46395
enheter_for_konst,2016,47722
enheter_for_konst,2017,48848
enheter_for_konst,2018,49191
enheter_for_konst,2019,49618
enheter_for_konst,2020,50999
enheter_for_konst,2021,52087
enheter_for_konst,2022,
enheter_for_konst,2023,
fastighetsbolag_g,2000,
fastighetsbolag_g,2001,
fastighetsbolag_g,2002,
fastighetsbolag_g,2003,
fastighetsbolag_g,2004,
fastighetsbolag_g,2005,
fastighetsbolag_g,2006,57909
fastighetsbolag_g,2007,59567
fastighetsbolag_g,2008,67506
fastighetsbolag_g,2009,76507
fastighetsbolag_g,2010,79438
fastighetsbolag_g,2011,81123
fastighetsbolag_g,2012,83917
fastighetsbolag_g,2013,86980
fastighetsbolag_g,2014,90852
fastighetsbolag_g,2015,94462
fastighetsbolag_g,2016,97467
fastighetsbolag_g,2017,100888
fastighetsbolag_g,2018,104535
fastighetsbolag_g,2019,108703
fastighetsbolag_g,2020,113155
fastighetsbolag_g,2021,117648
fastighetsbolag_g,2022,
fastighetsbolag_g,2023,
film_vide,2000,
film_vide,2001,
film_vide,2002,
film_vide,2003,
film_vide,2004,
film_vide,2005,
film_vide,2006,8191
film_vide,2007,8615
film_vide,2008,8522
film_vide,2009,10263
film_vide,2010,10766
film_vide,2011,11060
film_vide,2012,11568
film_vide,2013,11944
film_vide,2014,12445
film_vide,2015,12779
film_vide,2016,13347
film_vide,2017,13816
film_vide,2018,14209
film_vide,2019,14817
film_vide,2020,15328
film_vide,2021,15574
film_vide,2022,
film_vide,2023,
fisk,2000,
fisk,2001,
fisk,2002,
fisk,2003,
fisk,2004,
fisk,2005,
fisk,2006,1658
fisk,2007,1628
fisk,2008,1735
fisk,2009,1890
fisk,2010,1902
fisk,2011,1804
fisk,2012,1754
fisk,2013,1726
fisk,2014,1695
fisk,2015,1668
fisk,2016,1634
fisk,2017,1591
fisk,2018,1555
fisk,2019,1543
fisk,2020,1509
fisk,2021,1482
fisk,2022,
fisk,2023,
flygbolag,2000,
flygbolag,2001,
flygbolag,2002,
flygbolag,2003,
flygbolag,2004,
flygbolag,2005,
flygbolag,2006,234
flygbolag,2007,241
flygbolag,2008,253
flygbolag,2009,288
flygbolag,2010,301
flygbolag,2011,325
flygbolag,2012,329
flygbolag,2013,334
flygbolag,2014,342
flygbolag,2015,348
flygbolag,2016,369
flygbolag,2017,362
flygbolag,2018,361
flygbolag,2019,381
flygbolag,2020,395
flygbolag,2021,399
flygbolag,2022,
flygbolag,2023,
forsknings,2000,
forsknings,2001,
forsknings,2002,
forsknings,2003,
forsknings,2004,
forsknings,2005,
forsknings,2006,3147
forsknings,2007,3220
forsknings,2008,3007
forsknings,2009,3587
forsknings,2010,3710
forsknings,2011,3813
forsknings,2012,3916
forsknings,2013,4026
forsknings,2014,4065
forsknings,2015,4155
forsknings,2016,4229
forsknings,2017,4255
forsknings,2018,4395
forsknings,2019,4539
forsknings,2020,4641
forsknings,2021,4726
forsknings,2022,
forsknings,2023,
foretag_for_bev,2000,
foretag_for_bev,2001,
foretag_for_bev,2002,
foretag_for_bev,2003,
foretag_for_bev,2004,
foretag_for_bev,2005,
foretag_for_bev,2006,799
foretag_for_bev,2007,788
foretag_for_bev,2008,751
foretag_for_bev,2009,834
foretag_for_bev,2010,855
foretag_for_bev,2011,838
foretag_for_bev,2012,852
foretag_for_bev,2013,850
foretag_for_bev,2014,907
foretag_for_bev,2015,921
foretag_for_bev,2016,935
foretag_for_bev,2017,948
foretag_for_bev,2018,958
foretag_for_bev,2019,952
foretag_for_bev,2020,992
foretag_for_bev,2021,1012
foretag_for_bev,2022,
foretag_for_bev,2023,
foretag_for,2000,
foretag_for,2001,
foretag_for,2002,
foretag_for,2003,
foretag_for,2004,
foretag_for,2005,
foretag_for,2006,12185
foretag_for,2007,12817
foretag_for,2008,13227
foretag_for,2009,15301
foretag_for,2010,16172
foretag_for,2011,16677
foretag_for,2012,17460
foretag_for,2013,18027
foretag_for,2014,18431
foretag_for,2015,18776
foretag_for,2016,19204
foretag_for,2017,19694
foretag_for,2018,20462
foretag_for,2019,21477
foretag_for,2020,21924
foretag_for,2021,22309
foretag_for,2022,
foretag_for,2023,
forlag,2000,
forlag,2001,
forlag,2002,
forlag,2003,
forlag,2004,
forlag,2005,
forlag,2006,5879
forlag,2007,5935
forlag,2008,5656
forlag,2009,6621
forlag,2010,6737
forlag,2011,6783
forlag,2012,6916
forlag,2013,6887
forlag,2014,7028
forlag,2015,7053
forlag,2016,7045
forlag,2017,7273
forlag,2018,7588
forlag,2019,8164
forlag,2020,8585
forlag,2021,8836
forlag,2022,
forlag,2023,
forsakrings,2000,
forsakrings,2001,
forsakrings,2002,
forsakrings,2003,
forsakrings,2004,
forsakrings,2005,
forsakrings,2006,814
forsakrings,2007,774
forsakrings,2008,1265
forsakrings,2009,745
forsakrings,2010,708
forsakrings,2011,680
forsakrings,2012,672
forsakrings,2013,663
forsakrings,2014,651
forsakrings,2015,684
forsakrings,2016,690
forsakrings,2017,764
forsakrings,2018,737
forsakrings,2019,702
forsakrings,2020,672
forsakrings,2021,650
forsakrings,2022,
forsakrings,2023,
forvarvsarbete_ihu,2000,
forvarvsarbete_ihu,2001,
forvarvsarbete_ihu,2002,
forvarvsarbete_ihu,2003,
forvarvsarbete_ihu,2004,
forvarvsarbete_ihu,2005,
forvarvsarbete_ihu,2006,0
forvarvsarbete_ihu,2007,2
forvarvsarbete_ihu,2008,6
forvarvsarbete_ihu,2009,0
forvarvsarbete_ihu,2010,2
forvarvsarbete_ihu,2011,4
forvarvsarbete_ihu,2012,3
forvarvsarbete_ihu,2013,4
forvarvsarbete_ihu,2014,7
forvarvsarbete_ihu,2015,8
forvarvsarbete_ihu,2016,7
forvarvsarbete_ihu,2017,7
forvarvsarbete_ihu,2018,12
forvarvsarbete_ihu,2019,11
forvarvsarbete_ihu,2020,10
forvarvsarbete_ihu,2021,14
forvarvsarbete_ihu,2022,
forvarvsarbete_ihu,2023,
grafisk,2000,
grafisk,2001,
grafisk,2002,
grafisk,2003,
grafisk,2004,
grafisk,2005,
grafisk,2006,3396
grafisk,2007,3269
grafisk,2008,2969
grafisk,2009,3181
grafisk,2010,3070
grafisk,2011,2983
grafisk,2012,2940
grafisk,2013,2840
grafisk,2014,2797
grafisk,2015,2767
grafisk,2016,2722
grafisk,2017,2689
grafisk,2018,2636
grafisk,2019,2648
grafisk,2020,2632
grafisk,2021,2579
grafisk,2022,
grafisk,2023,
gummi,2000,
gummi,2001,
gummi,2002,
gummi,2003,
gummi,2004,
gummi,2005,
gummi,2006,1452
gummi,2007,1422
gummi,2008,1393
gummi,2009,1460
gummi,2010,1444
gummi,2011,1418
gummi,2012,1431
gummi,2013,1417
gummi,2014,1409
gummi,2015,1385
gummi,2016,1356
gummi,2017,1358
gummi,2018,1343
gummi,2019,1363
gummi,2020,1372
gummi,2021,1355
gummi,2022,
gummi,2023,
handel_med,2000,
handel_med,2001,
handel_med,2002,
handel_med,2003,
handel_med,2004,
handel_med,2005,
handel_med,2006,19323
handel_med,2007,19342
handel_med,2008,18955
handel_med,2009,20346
handel_med,2010,20577
handel_med,2011,20551
handel_med,2012,20889
handel_med,2013,21197
handel_med,2014,21615
handel_med,2015,22121
handel_med,2016,22464
handel_med,2017,23033
handel_med,2018,23833
handel_med,2019,24619
handel_med,2020,24983
handel_med,2021,25155
handel_med,2022,
handel_med,2023,
hotell_logi,2000,
hotell_logi,2001,
hotell_logi,2002,
hotell_logi,2003,
hotell_logi,2004,
hotell_logi,2005,
hotell_logi,2006,4676
hotell_logi,2007,4796
hotell_logi,2008,4885
hotell_logi,2009,5316
hotell_logi,2010,5476
hotell_logi,2011,5531
hotell_logi,2012,5657
hotell_logi,2013,5701
hotell_logi,2014,5764
hotell_logi,2015,5935
hotell_logi,2016,6020
hotell_logi,2017,6220
hotell_logi,2018,6372
hotell_logi,2019,6452
hotell_logi,2020,6635
hotell_logi,2021,6776
hotell_logi,2022,
hotell_logi,2023,
hushallsproducenter_avd,2000,
hushallsproducenter_avd,2001,
hushallsproducenter_avd,2002,
hushallsproducenter_avd,2003,
hushallsproducenter_avd,2004,
hushallsproducenter_avd,2005,
hushallsproducenter_avd,2006,0
hushallsproducenter_avd,2007,0
hushallsproducenter_avd,2008,0
hushallsproducenter_avd,2009,0
hushallsproducenter_avd,2010,0
hushallsproducenter_avd,2011,0
hushallsproducenter_avd,2012,0
hushallsproducenter_avd,2013,0
hushallsproducenter_avd,2014,0
hushallsproducenter_avd,2015,2
hushallsproducenter_avd,2016,2
hushallsproducenter_avd,2017,0
hushallsproducenter_avd,2018,2
hushallsproducenter_avd,2019,2
hushallsproducenter_avd,2020,0
hushallsproducenter_avd,2021,0
hushallsproducenter_avd,2022,
hushallsproducenter_avd,2023,
huvudkontor_kons,2000,
huvudkontor_kons,2001,
huvudkontor_kons,2002,
huvudkontor_kons,2003,
huvudkontor_kons,2004,
huvudkontor_kons,2005,
huvudkontor_kons,2006,43215
huvudkontor_kons,2007,45359
huvudkontor_kons,2008,43860
huvudkontor_kons,2009,52533
huvudkontor_kons,2010,54559
huvudkontor_kons,2011,55840
huvudkontor_kons,2012,58288
huvudkontor_kons,2013,60483
huvudkontor_kons,2014,63180
huvudkontor_kons,2015,65726
huvudkontor_kons,2016,68491
huvudkontor_kons,2017,71064
huvudkontor_kons,2018,73497
huvudkontor_kons,2019,76642
huvudkontor_kons,2020,79751
huvudkontor_kons,2021,82184
huvudkontor_kons,2022,
huvudkontor_kons,2023,
icke_met_andra,2000,
icke_met_andra,2001,
icke_met_andra,2002,
icke_met_andra,2003,
icke_met_andra,2004,
icke_met_andra,2005,
icke_met_andra,2006,2051
icke_met_andra,2007,2012
icke_met_andra,2008,1961
icke_met_andra,2009,2089
icke_met_andra,2010,2061
icke_met_andra,2011,1999
icke_met_andra,2012,1975
icke_met_andra,2013,1960
icke_met_andra,2014,1956
icke_met_andra,2015,1949
icke_met_andra,2016,1926
icke_met_andra,2017,1925
icke_met_andra,2018,1930
icke_met_andra,2019,1981
icke_met_andra,2020,2039
icke_met_andra,2021,2050
icke_met_andra,2022,
icke_met_andra,2023,
datorer_elek,2000,
datorer_elek,2001,
datorer_elek,2002,
datorer_elek,2003,
datorer_elek,2004,
datorer_elek,2005,
datorer_elek,2006,1709
datorer_elek,2007,1652
datorer_elek,2008,1497
datorer_elek,2009,1617
datorer_elek,2010,1580
datorer_elek,2011,1528
datorer_elek,2012,1546
datorer_elek,2013,1582
datorer_elek,2014,1613
datorer_elek,2015,1561
datorer_elek,2016,1551
datorer_elek,2017,1538
datorer_elek,2018,1512
datorer_elek,2019,1544
datorer_elek,2020,1535
datorer_elek,2021,1511
datorer_elek,2022,
datorer_elek,2023,
elapparatur,2000,
elapparatur,2001,
elapparatur,2002,
elapparatur,2003,
elapparatur,2004,
elapparatur,2005,
elapparatur,2006,881
elapparatur,2007,887
elapparatur,2008,853
elapparatur,2009,918
elapparatur,2010,906
elapparatur,2011,893
elapparatur,2012,890
elapparatur,2013,884
elapparatur,2014,883
elapparatur,2015,898
elapparatur,2016,876
elapparatur,2017,892
elapparatur,2018,903
elapparatur,2019,931
elapparatur,2020,942
elapparatur,2021,944
elapparatur,2022,
elapparatur,2023,
farmaceutiska_basp,2000,
farmaceutiska_basp,2001,
farmaceutiska_basp,2002,
farmaceutiska_basp,2003,
farmaceutiska_basp,2004,
farmaceutiska_basp,2005,
farmaceutiska_basp,2006,132
farmaceutiska_basp,2007,136
farmaceutiska_basp,2008,120
farmaceutiska_basp,2009,133
farmaceutiska_basp,2010,140
farmaceutiska_basp,2011,146
farmaceutiska_basp,2012,152
farmaceutiska_basp,2013,149
farmaceutiska_basp,2014,155
farmaceutiska_basp,2015,157
farmaceutiska_basp,2016,148
farmaceutiska_basp,2017,149
farmaceutiska_basp,2018,145
farmaceutiska_basp,2019,148
farmaceutiska_basp,2020,163
farmaceutiska_basp,2021,165
farmaceutiska_basp,2022,
farmaceutiska_basp,2023,
industri_for_lad,2000,
industri_for_lad,2001,
industri_for_lad,2002,
industri_for_lad,2003,
industri_for_lad,2004,
industri_for_lad,2005,
industri_for_lad,2006,412
industri_for_lad,2007,415
industri_for_lad,2008,390
industri_for_lad,2009,450
industri_for_lad,2010,464
industri_for_lad,2011,477
industri_for_lad,2012,491
industri_for_lad,2013,496
industri_for_lad,2014,499
industri_for_lad,2015,522
industri_for_lad,2016,514
industri_for_lad,2017,523
industri_for_lad,2018,544
industri_for_lad,2019,538
industri_for_lad,2020,538
industri_for_lad,2021,538
industri_for_lad,2022,
industri_for_lad,2023,
industri_for_met,2000,
industri_for_met,2001,
industri_for_met,2002,
industri_for_met,2003,
industri_for_met,2004,
industri_for_met,2005,
industri_for_met,2006,10917
industri_for_met,2007,10788
industri_for_met,2008,10270
industri_for_met,2009,10733
industri_for_met,2010,10670
industri_for_met,2011,10372
industri_for_met,2012,10225
industri_for_met,2013,10096
industri_for_met,2014,10031
industri_for_met,2015,9992
industri_for_met,2016,9945
industri_for_met,2017,9942
industri_for_met,2018,9888
industri_for_met,2019,10107
industri_for_met,2020,10259
industri_for_met,2021,10288
industri_for_met,2022,
industri_for_met,2023,
industri_for_mot,2000,
industri_for_mot,2001,
industri_for_mot,2002,
industri_for_mot,2003,
industri_for_mot,2004,
industri_for_mot,2005,
industri_for_mot,2006,956
industri_for_mot,2007,966
industri_for_mot,2008,930
industri_for_mot,2009,1000
industri_for_mot,2010,1003
industri_for_mot,2011,988
industri_for_mot,2012,987
industri_for_mot,2013,971
industri_for_mot,2014,984
industri_for_mot,2015,984
industri_for_mot,2016,986
industri_for_mot,2017,992
industri_for_mot,2018,1008
industri_for_mot,2019,1027
industri_for_mot,2020,1043
industri_for_mot,2021,1026
industri_for_mot,2022,
industri_for_mot,2023,
industri_for_tra,2000,
industri_for_tra,2001,
industri_for_tra,2002,
industri_for_tra,2003,
industri_for_tra,2004,
industri_for_tra,2005,
industri_for_tra,2006,5982
industri_for_tra,2007,5836
industri_for_tra,2008,5470
industri_for_tra,2009,5730
industri_for_tra,2010,5523
industri_for_tra,2011,5294
industri_for_tra,2012,5226
industri_for_tra,2013,5130
industri_for_tra,2014,5013
industri_for_tra,2015,4944
industri_for_tra,2016,4864
industri_for_tra,2017,4794
industri_for_tra,2018,4753
industri_for_tra,2019,4781
industri_for_tra,2020,4755
industri_for_tra,2021,4698
industri_for_tra,2022,
industri_for_tra,2023,
rapetroleum,2000,
rapetroleum,2001,
rapetroleum,2002,
rapetroleum,2003,
rapetroleum,2004,
rapetroleum,2005,
rapetroleum,2006,0
rapetroleum,2007,0
rapetroleum,2008,0
rapetroleum,2009,0
rapetroleum,2010,0
rapetroleum,2011,0
rapetroleum,2012,1
rapetroleum,2013,0
rapetroleum,2014,0
rapetroleum,2015,2
rapetroleum,2016,0
rapetroleum,2017,0
rapetroleum,2018,1
rapetroleum,2019,2
rapetroleum,2020,3
rapetroleum,2021,3
rapetroleum,2022,
rapetroleum,2023,
informationstjanstforetag,2000,
informationstjanstforetag,2001,
informationstjanstforetag,2002,
informationstjanstforetag,2003,
informationstjanstforetag,2004,
informationstjanstforetag,2005,
informationstjanstforetag,2006,1829
informationstjanstforetag,2007,2012
informationstjanstforetag,2008,2021
informationstjanstforetag,2009,2542
informationstjanstforetag,2010,2725
informationstjanstforetag,2011,2864
informationstjanstforetag,2012,3000
informationstjanstforetag,2013,3115
informationstjanstforetag,2014,3230
informationstjanstforetag,2015,3340
informationstjanstforetag,2016,3485
informationstjanstforetag,2017,3572
informationstjanstforetag,2018,3658
informationstjanstforetag,2019,3755
informationstjanstforetag,2020,3860
informationstjanstforetag,2021,3881
informationstjanstforetag,2022,
informationstjanstforetag,2023,
internationella_org,2000,
internationella_org,2001,
internationella_org,2002,
internationella_org,2003,
internationella_org,2004,
internationella_org,2005,
internationella_org,2006,3
internationella_org,2007,5
internationella_org,2008,6
internationella_org,2009,5
internationella_org,2010,5
internationella_org,2011,5
internationella_org,2012,9
internationella_org,2013,9
internationella_org,2014,12
internationella_org,2015,15
internationella_org,2016,18
internationella_org,2017,75
internationella_org,2018,81
internationella_org,2019,91
internationella_org,2020,96
internationella_org,2021,100
internationella_org,2022,
internationella_org,2023,
intresseorganisationer,2000,
intresseorganisationer,2001,
intresseorganisationer,2002,
intresseorganisationer,2003,
intresseorganisationer,2004,
intresseorganisationer,2005,
intresseorganisationer,2006,14503
intresseorganisationer,2007,14526
intresseorganisationer,2008,13028
intresseorganisationer,2009,17370
intresseorganisationer,2010,17575
intresseorganisationer,2011,17656
intresseorganisationer,2012,17632
intresseorganisationer,2013,17260
intresseorganisationer,2014,17208
intresseorganisationer,2015,17101
intresseorganisationer,2016,16857
intresseorganisationer,2017,16469
intresseorganisationer,2018,16360
intresseorganisationer,2019,16183
intresseorganisationer,2020,16042
intresseorganisationer,2021,15652
intresseorganisationer,2022,
intresseorganisationer,2023,
jordbruksforetag_serv,2000,
jordbruksforetag_serv,2001,
jordbruksforetag_serv,2002,
jordbruksforetag_serv,2003,
jordbruksforetag_serv,2004,
jordbruksforetag_serv,2005,
jordbruksforetag_serv,2006,90836
jordbruksforetag_serv,2007,89496
jordbruksforetag_serv,2008,101130
jordbruksforetag_serv,2009,109935
jordbruksforetag_serv,2010,113192
jordbruksforetag_serv,2011,108453
jordbruksforetag_serv,2012,109393
jordbruksforetag_serv,2013,108918
jordbruksforetag_serv,2014,107283
jordbruksforetag_serv,2015,105594
jordbruksforetag_serv,2016,104080
jordbruksforetag_serv,2017,102635
jordbruksforetag_serv,2018,101823
jordbruksforetag_serv,2019,100958
jordbruksforetag_serv,2020,99794
jordbruksforetag_serv,2021,98173
jordbruksforetag_serv,2022,
jordbruksforetag_serv,2023,
juridiska_ek_byr,2000,
juridiska_ek_byr,2001,
juridiska_ek_byr,2002,
juridiska_ek_byr,2003,
juridiska_ek_byr,2004,
juridiska_ek_byr,2005,
juridiska_ek_byr,2006,22132
juridiska_ek_byr,2007,22585
juridiska_ek_byr,2008,22032
juridiska_ek_byr,2009,24806
juridiska_ek_byr,2010,25373
juridiska_ek_byr,2011,25598
juridiska_ek_byr,2012,26290
juridiska_ek_byr,2013,26968
juridiska_ek_byr,2014,27672
juridiska_ek_byr,2015,28375
juridiska_ek_byr,2016,29030
juridiska_ek_byr,2017,29816
juridiska_ek_byr,2018,30546
juridiska_ek_byr,2019,31263
juridiska_ek_byr,2020,32024
juridiska_ek_byr,2021,32508
juridiska_ek_byr,2022,
juridiska_ek_byr,2023,
kolgruvor,2000,
kolgruvor,2001,
kolgruvor,2002,
kolgruvor,2003,
kolgruvor,2004,
kolgruvor,2005,
kolgruvor,2006,0
kolgruvor,2007,0
kolgruvor,2008,0
kolgruvor,2009,0
kolgruvor,2010,1
kolgruvor,2011,1
kolgruvor,2012,1
kolgruvor,2013,1
kolgruvor,2014,0
kolgruvor,2015,0
kolgruvor,2016,0
kolgruvor,2017,0
kolgruvor,2018,0
kolgruvor,2019,0
kolgruvor,2020,0
kolgruvor,2021,0
kolgruvor,2022,
kolgruvor,2023,
kontors,2000,
kontors,2001,
kontors,2002,
kontors,2003,
kontors,2004,
kontors,2005,
kontors,2006,4501
kontors,2007,4489
kontors,2008,4162
kontors,2009,4826
kontors,2010,4809
kontors,2011,4716
kontors,2012,4694
kontors,2013,4651
kontors,2014,4675
kontors,2015,4617
kontors,2016,4679
kontors,2017,4775
kontors,2018,4937
kontors,2019,5005
kontors,2020,5256
kontors,2021,5360
kontors,2022,
kontors,2023,
landtransportforetag_rort,2000,
landtransportforetag_rort,2001,
landtransportforetag_rort,2002,
landtransportforetag_rort,2003,
landtransportforetag_rort,2004,
landtransportforetag_rort,2005,
landtransportforetag_rort,2006,23782
landtransportforetag_rort,2007,23471
landtransportforetag_rort,2008,23189
landtransportforetag_rort,2009,24153
landtransportforetag_rort,2010,24030
landtransportforetag_rort,2011,23636
landtransportforetag_rort,2012,23572
landtransportforetag_rort,2013,23308
landtransportforetag_rort,2014,23580
landtransportforetag_rort,2015,23910
landtransportforetag_rort,2016,24402
landtransportforetag_rort,2017,24880
landtransportforetag_rort,2018,24977
landtransportforetag_rort,2019,25824
landtransportforetag_rort,2020,26743
landtransportforetag_rort,2021,27390
landtransportforetag_rort,2022,
landtransportforetag_rort,2023,
livsmedel,2000,
livsmedel,2001,
livsmedel,2002,
livsmedel,2003,
livsmedel,2004,
livsmedel,2005,
livsmedel,2006,3071
livsmedel,2007,3075
livsmedel,2008,3036
livsmedel,2009,3264
livsmedel,2010,3330
livsmedel,2011,3385
livsmedel,2012,3488
livsmedel,2013,3593
livsmedel,2014,3661
livsmedel,2015,3696
livsmedel,2016,3803
livsmedel,2017,3879
livsmedel,2018,3989
livsmedel,2019,4182
livsmedel,2020,4236
livsmedel,2021,4168
livsmedel,2022,
livsmedel,2023,
magasin,2000,
magasin,2001,
magasin,2002,
magasin,2003,
magasin,2004,
magasin,2005,
magasin,2006,3174
magasin,2007,3254
magasin,2008,3273
magasin,2009,3536
magasin,2010,3595
magasin,2011,3589
magasin,2012,3627
magasin,2013,3639
magasin,2014,3671
magasin,2015,3717
magasin,2016,3803
magasin,2017,3864
magasin,2018,3921
magasin,2019,4058
magasin,2020,4130
magasin,2021,4145
magasin,2022,
magasin,2023,
massa_papp,2000,
massa_papp,2001,
massa_papp,2002,
massa_papp,2003,
massa_papp,2004,
massa_papp,2005,
massa_papp,2006,433
massa_papp,2007,417
massa_papp,2008,390
massa_papp,2009,401
massa_papp,2010,398
massa_papp,2011,388
massa_papp,2012,366
massa_papp,2013,350
massa_papp,2014,349
massa_papp,2015,344
massa_papp,2016,348
massa_papp,2017,341
massa_papp,2018,341
massa_papp,2019,336
massa_papp,2020,335
massa_papp,2021,329
massa_papp,2022,
massa_papp,2023,
metallmalmer,2000,
metallmalmer,2001,
metallmalmer,2002,
metallmalmer,2003,
metallmalmer,2004,
metallmalmer,2005,
metallmalmer,2006,19
metallmalmer,2007,29
metallmalmer,2008,33
metallmalmer,2009,37
metallmalmer,2010,34
metallmalmer,2011,38
metallmalmer,2012,40
metallmalmer,2013,38
metallmalmer,2014,36
metallmalmer,2015,38
metallmalmer,2016,42
metallmalmer,2017,43
metallmalmer,2018,44
metallmalmer,2019,40
metallmalmer,2020,39
metallmalmer,2021,43
metallmalmer,2022,
metallmalmer,2023,
mobelindustri,2000,
mobelindustri,2001,
mobelindustri,2002,
mobelindustri,2003,
mobelindustri,2004,
mobelindustri,2005,
mobelindustri,2006,2183
mobelindustri,2007,2182
mobelindustri,2008,2083
mobelindustri,2009,2256
mobelindustri,2010,2230
mobelindustri,2011,2200
mobelindustri,2012,2226
mobelindustri,2013,2262
mobelindustri,2014,2294
mobelindustri,2015,2286
mobelindustri,2016,2288
mobelindustri,2017,2304
mobelindustri,2018,2310
mobelindustri,2019,2379
mobelindustri,2020,2411
mobelindustri,2021,2402
mobelindustri,2022,
mobelindustri,2023,
bransch_ospe,2000,
bransch_ospe,2001,
bransch_ospe,2002,
bransch_ospe,2003,
bransch_ospe,2004,
bransch_ospe,2005,
bransch_ospe,2006,11559
bransch_ospe,2007,10305
bransch_ospe,2008,19295
bransch_ospe,2009,22423
bransch_ospe,2010,12526
bransch_ospe,2011,7743
bransch_ospe,2012,7841
bransch_ospe,2013,7927
bransch_ospe,2014,7986
bransch_ospe,2015,7926
bransch_ospe,2016,8419
bransch_ospe,2017,7323
bransch_ospe,2018,5409
bransch_ospe,2019,5818
bransch_ospe,2020,6088
bransch_ospe,2021,6191
bransch_ospe,2022,
bransch_ospe,2023,
parti_prov,2000,
parti_prov,2001,
parti_prov,2002,
parti_prov,2003,
parti_prov,2004,
parti_prov,2005,
parti_prov,2006,44439
parti_prov,2007,44204
parti_prov,2008,43116
parti_prov,2009,47714
parti_prov,2010,47539
parti_prov,2011,46772
parti_prov,2012,46647
parti_prov,2013,46232
parti_prov,2014,45885
parti_prov,2015,45487
parti_prov,2016,44989
parti_prov,2017,44422
parti_prov,2018,43970
parti_prov,2019,43669
parti_prov,2020,43013
parti_prov,2021,42582
parti_prov,2022,
parti_prov,2023,
post,2000,
post,2001,
post,2002,
post,2003,
post,2004,
post,2005,
post,2006,413
post,2007,420
post,2008,411
post,2009,436
post,2010,435
post,2011,436
post,2012,465
post,2013,458
post,2014,461
post,2015,454
post,2016,468
post,2017,540
post,2018,848
post,2019,1543
post,2020,1512
post,2021,1309
post,2022,
post,2023,
programvaruproducenter_data,2000,
programvaruproducenter_data,2001,
programvaruproducenter_data,2002,
programvaruproducenter_data,2003,
programvaruproducenter_data,2004,
programvaruproducenter_data,2005,
programvaruproducenter_data,2006,29939
programvaruproducenter_data,2007,30640
programvaruproducenter_data,2008,28057
programvaruproducenter_data,2009,33658
programvaruproducenter_data,2010,33510
programvaruproducenter_data,2011,32853
programvaruproducenter_data,2012,33927
programvaruproducenter_data,2013,34661
programvaruproducenter_data,2014,35633
programvaruproducenter_data,2015,36538
programvaruproducenter_data,2016,37922
programvaruproducenter_data,2017,39188
programvaruproducenter_data,2018,40334
programvaruproducenter_data,2019,42162
programvaruproducenter_data,2020,44249
programvaruproducenter_data,2021,45700
programvaruproducenter_data,2022,
programvaruproducenter_data,2023,
radio,2000,
radio,2001,
radio,2002,
radio,2003,
radio,2004,
radio,2005,
radio,2006,164
radio,2007,174
radio,2008,159
radio,2009,206
radio,2010,229
radio,2011,241
radio,2012,253
radio,2013,258
radio,2014,280
radio,2015,283
radio,2016,276
radio,2017,267
radio,2018,276
radio,2019,287
radio,2020,309
radio,2021,327
radio,2022,
radio,2023,
rederier,2000,
rederier,2001,
rederier,2002,
rederier,2003,
rederier,2004,
rederier,2005,
rederier,2006,1167
rederier,2007,1166
rederier,2008,1129
rederier,2009,1297
rederier,2010,1289
rederier,2011,1249
rederier,2012,1247
rederier,2013,1240
rederier,2014,1245
rederier,2015,1216
rederier,2016,1223
rederier,2017,1221
rederier,2018,1197
rederier,2019,1228
rederier,2020,1230
rederier,2021,1236
rederier,2022,
rederier,2023,
reklam_mark,2000,
reklam_mark,2001,
reklam_mark,2002,
reklam_mark,2003,
reklam_mark,2004,
reklam_mark,2005,
reklam_mark,2006,14350
reklam_mark,2007,14300
reklam_mark,2008,13046
reklam_mark,2009,14799
reklam_mark,2010,14602
reklam_mark,2011,13841
reklam_mark,2012,13771
reklam_mark,2013,13595
reklam_mark,2014,13408
reklam_mark,2015,13206
reklam_mark,2016,13108
reklam_mark,2017,13013
reklam_mark,2018,13046
reklam_mark,2019,13085
reklam_mark,2020,13142
reklam_mark,2021,13375
reklam_mark,2022,
reklam_mark,2023,
avloppsreningstjanster_avlo,2000,
avloppsreningstjanster_avlo,2001,
avloppsreningstjanster_avlo,2002,
avloppsreningstjanster_avlo,2003,
avloppsreningstjanster_avlo,2004,
avloppsreningstjanster_avlo,2005,
avloppsreningstjanster_avlo,2006,130
avloppsreningstjanster_avlo,2007,146
avloppsreningstjanster_avlo,2008,163
avloppsreningstjanster_avlo,2009,182
avloppsreningstjanster_avlo,2010,193
avloppsreningstjanster_avlo,2011,207
avloppsreningstjanster_avlo,2012,219
avloppsreningstjanster_avlo,2013,227
avloppsreningstjanster_avlo,2014,247
avloppsreningstjanster_avlo,2015,256
avloppsreningstjanster_avlo,2016,265
avloppsreningstjanster_avlo,2017,268
avloppsreningstjanster_avlo,2018,277
avloppsreningstjanster_avlo,2019,298
avloppsreningstjanster_avlo,2020,304
avloppsreningstjanster_avlo,2021,315
avloppsreningstjanster_avlo,2022,
avloppsreningstjanster_avlo,2023,
reparationsverkstader_for,2000,
reparationsverkstader_for,2001,
reparationsverkstader_for,2002,
reparationsverkstader_for,2003,
reparationsverkstader_for,2004,
reparationsverkstader_for,2005,
reparationsverkstader_for,2006,4671
reparationsverkstader_for,2007,4555
reparationsverkstader_for,2008,4293
reparationsverkstader_for,2009,4621
reparationsverkstader_for,2010,4568
reparationsverkstader_for,2011,4406
reparationsverkstader_for,2012,4429
reparationsverkstader_for,2013,4348
reparationsverkstader_for,2014,4340
reparationsverkstader_for,2015,4240
reparationsverkstader_for,2016,4199
reparationsverkstader_for,2017,4113
reparationsverkstader_for,2018,4102
reparationsverkstader_for,2019,4072
reparationsverkstader_for,2020,4029
reparationsverkstader_for,2021,3890
reparationsverkstader_for,2022,
reparationsverkstader_for,2023,
reparationsverkstader,2000,
reparationsverkstader,2001,
reparationsverkstader,2002,
reparationsverkstader,2003,
reparationsverkstader,2004,
reparationsverkstader,2005,
reparationsverkstader,2006,4914
reparationsverkstader,2007,5070
reparationsverkstader,2008,5056
reparationsverkstader,2009,5628
reparationsverkstader,2010,5810
reparationsverkstader,2011,5873
reparationsverkstader,2012,6033
reparationsverkstader,2013,6095
reparationsverkstader,2014,6212
reparationsverkstader,2015,6344
reparationsverkstader,2016,6444
reparationsverkstader,2017,6564
reparationsverkstader,2018,6796
reparationsverkstader,2019,7334
reparationsverkstader,2020,7938
reparationsverkstader,2021,8391
reparationsverkstader,2022,
reparationsverkstader,2023,
resebyraer,2000,
resebyraer,2001,
resebyraer,2002,
resebyraer,2003,
resebyraer,2004,
resebyraer,2005,
resebyraer,2006,3094
resebyraer,2007,3133
resebyraer,2008,3005
resebyraer,2009,3473
resebyraer,2010,3567
resebyraer,2011,3547
resebyraer,2012,3577
resebyraer,2013,3583
resebyraer,2014,3614
resebyraer,2015,3623
resebyraer,2016,3635
resebyraer,2017,3679
resebyraer,2018,3545
resebyraer,2019,3491
resebyraer,2020,3471
resebyraer,2021,3461
resebyraer,2022,
resebyraer,2023,
restaurang_cate,2000,
restaurang_cate,2001,
restaurang_cate,2002,
restaurang_cate,2003,
restaurang_cate,2004,
restaurang_cate,2005,
restaurang_cate,2006,22053
restaurang_cate,2007,22505
restaurang_cate,2008,22489
restaurang_cate,2009,23762
restaurang_cate,2010,24248
restaurang_cate,2011,24693
restaurang_cate,2012,25271
restaurang_cate,2013,25685
restaurang_cate,2014,26250
restaurang_cate,2015,26788
restaurang_cate,2016,27210
restaurang_cate,2017,27602
restaurang_cate,2018,28091
restaurang_cate,2019,28813
restaurang_cate,2020,29399
restaurang_cate,2021,29461
restaurang_cate,2022,
restaurang_cate,2023,
serviceforetag_fin,2000,
serviceforetag_fin,2001,
serviceforetag_fin,2002,
serviceforetag_fin,2003,
serviceforetag_fin,2004,
serviceforetag_fin,2005,
serviceforetag_fin,2006,4492
serviceforetag_fin,2007,4686
serviceforetag_fin,2008,4582
serviceforetag_fin,2009,5714
serviceforetag_fin,2010,5864
serviceforetag_fin,2011,5909
serviceforetag_fin,2012,6034
serviceforetag_fin,2013,6038
serviceforetag_fin,2014,6056
serviceforetag_fin,2015,5609
serviceforetag_fin,2016,5617
serviceforetag_fin,2017,5600
serviceforetag_fin,2018,5612
serviceforetag_fin,2019,5563
serviceforetag_fin,2020,5630
serviceforetag_fin,2021,5547
serviceforetag_fin,2022,
serviceforetag_fin,2023,
serviceforetag_utv,2000,
serviceforetag_utv,2001,
serviceforetag_utv,2002,
serviceforetag_utv,2003,
serviceforetag_utv,2004,
serviceforetag_utv,2005,
serviceforetag_utv,2006,89
serviceforetag_utv,2007,98
serviceforetag_utv,2008,96
serviceforetag_utv,2009,107
serviceforetag_utv,2010,117
serviceforetag_utv,2011,131
serviceforetag_utv,2012,137
serviceforetag_utv,2013,141
serviceforetag_utv,2014,147
serviceforetag_utv,2015,145
serviceforetag_utv,2016,151
serviceforetag_utv,2017,156
serviceforetag_utv,2018,153
serviceforetag_utv,2019,160
serviceforetag_utv,2020,167
serviceforetag_utv,2021,171
serviceforetag_utv,2022,
serviceforetag_utv,2023,
skogsbruksforetag,2000,
skogsbruksforetag,2001,
skogsbruksforetag,2002,
skogsbruksforetag,2003,
skogsbruksforetag,2004,
skogsbruksforetag,2005,
skogsbruksforetag,2006,114838
skogsbruksforetag,2007,111253
skogsbruksforetag,2008,104073
skogsbruksforetag,2009,127988
skogsbruksforetag,2010,133269
skogsbruksforetag,2011,127566
skogsbruksforetag,2012,137292
skogsbruksforetag,2013,139414
skogsbruksforetag,2014,140336
skogsbruksforetag,2015,140493
skogsbruksforetag,2016,141506
skogsbruksforetag,2017,141467
skogsbruksforetag,2018,142102
skogsbruksforetag,2019,141811
skogsbruksforetag,2020,141274
skogsbruksforetag,2021,140602
skogsbruksforetag,2022,
skogsbruksforetag,2023,
sociala_oppe,2000,
sociala_oppe,2001,
sociala_oppe,2002,
sociala_oppe,2003,
sociala_oppe,2004,
sociala_oppe,2005,
sociala_oppe,2006,3479
sociala_oppe,2007,3740
sociala_oppe,2008,3840
sociala_oppe,2009,4607
sociala_oppe,2010,4846
sociala_oppe,2011,5025
sociala_oppe,2012,5151
sociala_oppe,2013,5269
sociala_oppe,2014,5359
sociala_oppe,2015,5240
sociala_oppe,2016,5218
sociala_oppe,2017,5072
sociala_oppe,2018,4967
sociala_oppe,2019,4804
sociala_oppe,2020,4698
sociala_oppe,2021,4533
sociala_oppe,2022,
sociala_oppe,2023,
specialiserade_bygg,2000,
specialiserade_bygg,2001,
specialiserade_bygg,2002,
specialiserade_bygg,2003,
specialiserade_bygg,2004,
specialiserade_bygg,2005,
specialiserade_bygg,2006,59059
specialiserade_bygg,2007,61609
specialiserade_bygg,2008,63461
specialiserade_bygg,2009,69339
specialiserade_bygg,2010,70657
specialiserade_bygg,2011,70850
specialiserade_bygg,2012,72289
specialiserade_bygg,2013,73464
specialiserade_bygg,2014,75291
specialiserade_bygg,2015,76698
specialiserade_bygg,2016,78065
specialiserade_bygg,2017,79477
specialiserade_bygg,2018,81805
specialiserade_bygg,2019,85831
specialiserade_bygg,2020,89128
specialiserade_bygg,2021,90503
specialiserade_bygg,2022,
specialiserade_bygg,2023,
spel,2000,
spel,2001,
spel,2002,
spel,2003,
spel,2004,
spel,2005,
spel,2006,543
spel,2007,535
spel,2008,524
spel,2009,554
spel,2010,547
spel,2011,525
spel,2012,516
spel,2013,474
spel,2014,456
spel,2015,432
spel,2016,419
spel,2017,395
spel,2018,369
spel,2019,356
spel,2020,329
spel,2021,311
spel,2022,
spel,2023,
sport_frit,2000,
sport_frit,2001,
sport_frit,2002,
sport_frit,2003,
sport_frit,2004,
sport_frit,2005,
sport_frit,2006,18338
sport_frit,2007,18574
sport_frit,2008,16691
sport_frit,2009,20274
sport_frit,2010,20511
sport_frit,2011,20324
sport_frit,2012,20485
sport_frit,2013,20564
sport_frit,2014,20733
sport_frit,2015,20883
sport_frit,2016,20991
sport_frit,2017,21228
sport_frit,2018,21531
sport_frit,2019,22162
sport_frit,2020,22205
sport_frit,2021,22094
sport_frit,2022,
sport_frit,2023,
metaller,2000,
metaller,2001,
metaller,2002,
metaller,2003,
metaller,2004,
metaller,2005,
metaller,2006,407
metaller,2007,405
metaller,2008,409
metaller,2009,406
metaller,2010,392
metaller,2011,382
metaller,2012,381
metaller,2013,379
metaller,2014,368
metaller,2015,369
metaller,2016,374
metaller,2017,363
metaller,2018,366
metaller,2019,369
metaller,2020,382
metaller,2021,390
metaller,2022,
metaller,2023,
telekommunikation_j,2000,
telekommunikation_j,2001,
telekommunikation_j,2002,
telekommunikation_j,2003,
telekommunikation_j,2004,
telekommunikation_j,2005,
telekommunikation_j,2006,645
telekommunikation_j,2007,735
telekommunikation_j,2008,752
telekommunikation_j,2009,913
telekommunikation_j,2010,966
telekommunikation_j,2011,1102
telekommunikation_j,2012,1216
telekommunikation_j,2013,1280
telekommunikation_j,2014,1331
telekommunikation_j,2015,1377
telekommunikation_j,2016,1360
telekommunikation_j,2017,1381
telekommunikation_j,2018,1374
telekommunikation_j,2019,1373
telekommunikation_j,2020,1370
telekommunikation_j,2021,1368
telekommunikation_j,2022,
telekommunikation_j,2023,
textilindustri,2000,
textilindustri,2001,
textilindustri,2002,
textilindustri,2003,
textilindustri,2004,
textilindustri,2005,
textilindustri,2006,2261
textilindustri,2007,2254
textilindustri,2008,2133
textilindustri,2009,2302
textilindustri,2010,2231
textilindustri,2011,2126
textilindustri,2012,2134
textilindustri,2013,2108
textilindustri,2014,2107
textilindustri,2015,2043
textilindustri,2016,2027
textilindustri,2017,2000
textilindustri,2018,1961
textilindustri,2019,1950
textilindustri,2020,1942
textilindustri,2021,1903
textilindustri,2022,
textilindustri,2023,
kemikalier,2000,
kemikalier,2001,
kemikalier,2002,
kemikalier,2003,
kemikalier,2004,
kemikalier,2005,
kemikalier,2006,718
kemikalier,2007,698
kemikalier,2008,692
kemikalier,2009,760
kemikalier,2010,768
kemikalier,2011,749
kemikalier,2012,746
kemikalier,2013,757
kemikalier,2014,765
kemikalier,2015,777
kemikalier,2016,801
kemikalier,2017,823
kemikalier,2018,826
kemikalier,2019,840
kemikalier,2020,834
kemikalier,2021,855
kemikalier,2022,
kemikalier,2023,
industri_for_sten,2000,
industri_for_sten,2001,
industri_for_sten,2002,
industri_for_sten,2003,
industri_for_sten,2004,
industri_for_sten,2005,
industri_for_sten,2006,43
industri_for_sten,2007,46
industri_for_sten,2008,41
industri_for_sten,2009,39
industri_for_sten,2010,40
industri_for_sten,2011,39
industri_for_sten,2012,40
industri_for_sten,2013,37
industri_for_sten,2014,36
industri_for_sten,2015,39
industri_for_sten,2016,37
industri_for_sten,2017,34
industri_for_sten,2018,32
industri_for_sten,2019,32
industri_for_sten,2020,36
industri_for_sten,2021,34
industri_for_sten,2022,
industri_for_sten,2023,
tobaksindustri,2000,
tobaksindustri,2001,
tobaksindustri,2002,
tobaksindustri,2003,
tobaksindustri,2004,
tobaksindustri,2005,
tobaksindustri,2006,15
tobaksindustri,2007,13
tobaksindustri,2008,12
tobaksindustri,2009,16
tobaksindustri,2010,20
tobaksindustri,2011,23
tobaksindustri,2012,22
tobaksindustri,2013,21
tobaksindustri,2014,23
tobaksindustri,2015,26
tobaksindustri,2016,28
tobaksindustri,2017,31
tobaksindustri,2018,38
tobaksindustri,2019,45
tobaksindustri,2020,46
tobaksindustri,2021,47
tobaksindustri,2022,
tobaksindustri,2023,
utbildning,2000,
utbildning,2001,
utbildning,2002,
utbildning,2003,
utbildning,2004,
utbildning,2005,
utbildning,2006,18740
utbildning,2007,19488
utbildning,2008,19094
utbildning,2009,22786
utbildning,2010,24087
utbildning,2011,25211
utbildning,2012,26153
utbildning,2013,27167
utbildning,2014,28146
utbildning,2015,28780
utbildning,2016,29649
utbildning,2017,30399
utbildning,2018,31044
utbildning,2019,31666
utbildning,2020,32140
utbildning,2021,32163
utbildning,2022,
utbildning,2023,
uthyrningsfirmor,2000,
uthyrningsfirmor,2001,
uthyrningsfirmor,2002,
uthyrningsfirmor,2003,
uthyrningsfirmor,2004,
uthyrningsfirmor,2005,
uthyrningsfirmor,2006,5448
uthyrningsfirmor,2007,5466
uthyrningsfirmor,2008,5220
uthyrningsfirmor,2009,5846
uthyrningsfirmor,2010,5984
uthyrningsfirmor,2011,5982
uthyrningsfirmor,2012,6035
uthyrningsfirmor,2013,6083
uthyrningsfirmor,2014,6243
uthyrningsfirmor,2015,6353
uthyrningsfirmor,2016,6438
uthyrningsfirmor,2017,6503
uthyrningsfirmor,2018,6652
uthyrningsfirmor,2019,6872
uthyrningsfirmor,2020,7078
uthyrningsfirmor,2021,7263
uthyrningsfirmor,2022,
uthyrningsfirmor,2023,
vattenforsorjning_e,2000,
vattenforsorjning_e,2001,
vattenforsorjning_e,2002,
vattenforsorjning_e,2003,
vattenforsorjning_e,2004,
vattenforsorjning_e,2005,
vattenforsorjning_e,2006,168
vattenforsorjning_e,2007,179
vattenforsorjning_e,2008,167
vattenforsorjning_e,2009,274
vattenforsorjning_e,2010,280
vattenforsorjning_e,2011,287
vattenforsorjning_e,2012,319
vattenforsorjning_e,2013,324
vattenforsorjning_e,2014,326
vattenforsorjning_e,2015,338
vattenforsorjning_e,2016,345
vattenforsorjning_e,2017,358
vattenforsorjning_e,2018,366
vattenforsorjning_e,2019,366
vattenforsorjning_e,2020,375
vattenforsorjning_e,2021,385
vattenforsorjning_e,2022,
vattenforsorjning_e,2023,
veterinarkliniker,2000,
veterinarkliniker,2001,
veterinarkliniker,2002,
veterinarkliniker,2003,
veterinarkliniker,2004,
veterinarkliniker,2005,
veterinarkliniker,2006,1048
veterinarkliniker,2007,1056
veterinarkliniker,2008,1102
veterinarkliniker,2009,1235
veterinarkliniker,2010,1286
veterinarkliniker,2011,1256
veterinarkliniker,2012,1311
veterinarkliniker,2013,1339
veterinarkliniker,2014,1369
veterinarkliniker,2015,1385
veterinarkliniker,2016,1411
veterinarkliniker,2017,1408
veterinarkliniker,2018,1419
veterinarkliniker,2019,1481
veterinarkliniker,2020,1539
veterinarkliniker,2021,1538
veterinarkliniker,2022,
veterinarkliniker,2023,
vardhem,2000,
vardhem,2001,
vardhem,2002,
vardhem,2003,
vardhem,2004,
vardhem,2005,
vardhem,2006,1327
vardhem,2007,1337
vardhem,2008,1314
vardhem,2009,1426
vardhem,2010,1462
vardhem,2011,1501
vardhem,2012,1562
vardhem,2013,1751
vardhem,2014,2513
vardhem,2015,2391
vardhem,2016,2277
vardhem,2017,2136
vardhem,2018,2043
vardhem,2019,2000
vardhem,2020,1962
vardhem,2021,1993
vardhem,2022,
vardhem,2023,
ovrig_mask,2000,
ovrig_mask,2001,
ovrig_mask,2002,
ovrig_mask,2003,
ovrig_mask,2004,
ovrig_mask,2005,
ovrig_mask,2006,2944
ovrig_mask,2007,2916
ovrig_mask,2008,2820
ovrig_mask,2009,2969
ovrig_mask,2010,2957
ovrig_mask,2011,2931
ovrig_mask,2012,2902
ovrig_mask,2013,2884
ovrig_mask,2014,2865
ovrig_mask,2015,2834
ovrig_mask,2016,2814
ovrig_mask,2017,2779
ovrig_mask,2018,2762
ovrig_mask,2019,2821
ovrig_mask,2020,2869
ovrig_mask,2021,2839
ovrig_mask,2022,
ovrig_mask,2023,
