sni_id,year,netto
jordbruksforetag_serv,2008,74009
jordbruksforetag_serv,2009,69283
jordbruksforetag_serv,2010,83512
jordbruksforetag_serv,2011,88069
jordbruksforetag_serv,2012,87538
jordbruksforetag_serv,2013,87171
jordbruksforetag_serv,2014,89102
jordbruksforetag_serv,2015,89045
jordbruksforetag_serv,2016,90596
jordbruksforetag_serv,2017,95615
jordbruksforetag_serv,2018,96690
jordbruksforetag_serv,2019,101896
jordbruksforetag_serv,2020,104001
jordbruksforetag_serv,2021,108349
jordbruksforetag_serv,2022,120747
skogsbruksforetag,2008,82169
skogsbruksforetag,2009,70218
skogsbruksforetag,2010,82137
skogsbruksforetag,2011,87688
skogsbruksforetag,2012,73261
skogsbruksforetag,2013,64484
skogsbruksforetag,2014,66366
skogsbruksforetag,2015,66354
skogsbruksforetag,2016,65584
skogsbruksforetag,2017,66007
skogsbruksforetag,2018,72685
skogsbruksforetag,2019,78458
skogsbruksforetag,2020,76904
skogsbruksforetag,2021,81341
skogsbruksforetag,2022,73905
fisk,2008,1706
fisk,2009,1742
fisk,2010,2075
fisk,2011,2417
fisk,2012,2139
fisk,2013,2227
fisk,2014,2207
fisk,2015,2500
fisk,2016,2793
fisk,2017,2673
fisk,2018,2716
fisk,2019,2532
fisk,2020,2522
fisk,2021,2751
fisk,2022,3080
metallmalmer,2008,28704.0138756969
metallmalmer,2009,19827.2563287219
metallmalmer,2010,38347.2344253328
metallmalmer,2011,41620.2851759558
metallmalmer,2012,39107.2563058409
metallmalmer,2013,35044.4436880812
metallmalmer,2014,33362.4822220872
metallmalmer,2015,29122.8819060354
metallmalmer,2016,32797.4224761442
metallmalmer,2017,40776
metallmalmer,2018,42852.8423995624
metallmalmer,2019,47123.8349237221
metallmalmer,2020,52887
metallmalmer,2021,71688
metallmalmer,2022,52408
annan_indu,2008,4536.4551353414
annan_indu,2009,3721.74367127813
annan_indu,2010,7198.10016410381
annan_indu,2011,7812.47946676391
annan_indu,2012,7340.76269778561
annan_indu,2013,6578.13841447355
annan_indu,2014,6262.42002471687
annan_indu,2015,5466.61119552665
annan_indu,2016,6156.35353228388
annan_indu,2017,7654
annan_indu,2018,8043.84088008266
annan_indu,2019,8845.54229218582
annan_indu,2020,8847
annan_indu,2021,9452
annan_indu,2022,8549
serviceforetag_utv,2008,1890
serviceforetag_utv,2009,2174
serviceforetag_utv,2010,873.665410563423
serviceforetag_utv,2011,948.235357280334
serviceforetag_utv,2012,890.980996373508
serviceforetag_utv,2013,798.417897445248
serviceforetag_utv,2014,760.097753195972
serviceforetag_utv,2015,663.506898437975
serviceforetag_utv,2016,747.223991571952
serviceforetag_utv,2017,929
serviceforetag_utv,2018,976.31672035495
serviceforetag_utv,2019,1073.62278409206
serviceforetag_utv,2020,151
serviceforetag_utv,2021,238
serviceforetag_utv,2022,256
livsmedel,2008,137025
livsmedel,2009,137776
livsmedel,2010,140927
livsmedel,2011,145758
livsmedel,2012,147238
livsmedel,2013,151180
livsmedel,2014,149637
livsmedel,2015,151340
livsmedel,2016,157833
livsmedel,2017,165026
livsmedel,2018,167355
livsmedel,2019,172260
livsmedel,2020,173308
livsmedel,2021,177396
livsmedel,2022,212035
dryckesvaru,2008,22921
dryckesvaru,2009,24411
dryckesvaru,2010,23468
dryckesvaru,2011,24081
dryckesvaru,2012,26450
dryckesvaru,2013,27143
dryckesvaru,2014,24953
dryckesvaru,2015,25571
dryckesvaru,2016,26849
dryckesvaru,2017,23497
dryckesvaru,2018,25006
dryckesvaru,2019,26643
dryckesvaru,2020,28275
dryckesvaru,2021,32206
dryckesvaru,2022,45179
textilindustri,2008,8248
textilindustri,2009,6915
textilindustri,2010,7663
textilindustri,2011,7563
textilindustri,2012,7218
textilindustri,2013,7482
textilindustri,2014,7749
textilindustri,2015,8061
textilindustri,2016,8380
textilindustri,2017,8690
textilindustri,2018,9005
textilindustri,2019,9260
textilindustri,2020,8955
textilindustri,2021,9218
textilindustri,2022,10683
bekladnadsindustri,2008,3201
bekladnadsindustri,2009,2912
bekladnadsindustri,2010,2167
bekladnadsindustri,2011,2201
bekladnadsindustri,2012,1958
bekladnadsindustri,2013,2046
bekladnadsindustri,2014,2174
bekladnadsindustri,2015,2181
bekladnadsindustri,2016,2270
bekladnadsindustri,2017,2466
bekladnadsindustri,2018,2526
bekladnadsindustri,2019,2654
bekladnadsindustri,2020,2084
bekladnadsindustri,2021,1972
bekladnadsindustri,2022,2477
industri_for_lad,2008,1411
industri_for_lad,2009,1149
industri_for_lad,2010,1369
industri_for_lad,2011,1448
industri_for_lad,2012,1266
industri_for_lad,2013,1335
industri_for_lad,2014,1143
industri_for_lad,2015,1190
industri_for_lad,2016,1343
industri_for_lad,2017,1199
industri_for_lad,2018,1601
industri_for_lad,2019,1233
industri_for_lad,2020,1075
industri_for_lad,2021,1154
industri_for_lad,2022,1471
industri_for_tra,2008,88753
industri_for_tra,2009,79241
industri_for_tra,2010,85652
industri_for_tra,2011,85771
industri_for_tra,2012,80815
industri_for_tra,2013,75804
industri_for_tra,2014,89136
industri_for_tra,2015,94512
industri_for_tra,2016,88078
industri_for_tra,2017,95718
industri_for_tra,2018,101411
industri_for_tra,2019,100534
industri_for_tra,2020,104435
industri_for_tra,2021,132979
industri_for_tra,2022,152855
massa_papp,2008,123611
massa_papp,2009,118220
massa_papp,2010,126376
massa_papp,2011,129397
massa_papp,2012,125285
massa_papp,2013,122890
massa_papp,2014,125980
massa_papp,2015,127168
massa_papp,2016,132675
massa_papp,2017,140423
massa_papp,2018,161107
massa_papp,2019,165439
massa_papp,2020,155099
massa_papp,2021,174543
massa_papp,2022,216085
grafisk,2008,27805
grafisk,2009,25301
grafisk,2010,25818
grafisk,2011,24639
grafisk,2012,23642
grafisk,2013,22021
grafisk,2014,21389
grafisk,2015,21866
grafisk,2016,20152
grafisk,2017,20018
grafisk,2018,18723
grafisk,2019,16986
grafisk,2020,14427
grafisk,2021,15058
grafisk,2022,17060
industri_for_sten,2008,85863.0156112963
industri_for_sten,2009,87904.8880459568
industri_for_sten,2010,89166.7069812314
industri_for_sten,2011,137335.559901772
industri_for_sten,2012,146698.399228206
industri_for_sten,2013,125712.213427469
industri_for_sten,2014,134769.623355552
industri_for_sten,2015,100216
industri_for_sten,2016,86609
industri_for_sten,2017,104106
industri_for_sten,2018,132456
industri_for_sten,2019,120154
industri_for_sten,2020,83293
industri_for_sten,2021,124822
industri_for_sten,2022,236010
kemikalier,2008,70440.9843887037
kemikalier,2009,72116.1119540432
kemikalier,2010,73151.2930187686
kemikalier,2011,112668.440098228
kemikalier,2012,120349.600771794
kemikalier,2013,103132.786572531
kemikalier,2014,110563.376644448
kemikalier,2015,82216
kemikalier,2016,87614
kemikalier,2017,92624
kemikalier,2018,97058
kemikalier,2019,102896
kemikalier,2020,83463
kemikalier,2021,92121
kemikalier,2022,125528
farmaceutiska_basp,2008,NA
farmaceutiska_basp,2009,NA
farmaceutiska_basp,2010,NA
farmaceutiska_basp,2011,NA
farmaceutiska_basp,2012,NA
farmaceutiska_basp,2013,NA
farmaceutiska_basp,2014,NA
farmaceutiska_basp,2015,68895
farmaceutiska_basp,2016,63925
farmaceutiska_basp,2017,62098
farmaceutiska_basp,2018,80803
farmaceutiska_basp,2019,99275
farmaceutiska_basp,2020,142388
farmaceutiska_basp,2021,149316
farmaceutiska_basp,2022,228679
gummi,2008,46151
gummi,2009,39939
gummi,2010,45032
gummi,2011,47387
gummi,2012,46668
gummi,2013,44301
gummi,2014,46871
gummi,2015,47254
gummi,2016,48365
gummi,2017,50443
gummi,2018,54841
gummi,2019,55550
gummi,2020,53107
gummi,2021,56456
gummi,2022,66260
icke_met_andra,2008,42053
icke_met_andra,2009,35613
icke_met_andra,2010,40749
icke_met_andra,2011,45120
icke_met_andra,2012,45435
icke_met_andra,2013,45099
icke_met_andra,2014,43363
icke_met_andra,2015,45785
icke_met_andra,2016,50143
icke_met_andra,2017,52199
icke_met_andra,2018,54680
icke_met_andra,2019,53983
icke_met_andra,2020,55006
icke_met_andra,2021,57499
icke_met_andra,2022,64461
metaller,2008,155307
metaller,2009,102863
metaller,2010,138475
metaller,2011,146676
metaller,2012,130115
metaller,2013,114363
metaller,2014,118105
metaller,2015,121036
metaller,2016,116278
metaller,2017,137481
metaller,2018,151149
metaller,2019,148191
metaller,2020,134154
metaller,2021,157818
metaller,2022,254841
industri_for_met,2008,127249
industri_for_met,2009,100800
industri_for_met,2010,105240
industri_for_met,2011,116317
industri_for_met,2012,118192
industri_for_met,2013,115491
industri_for_met,2014,116830
industri_for_met,2015,122207
industri_for_met,2016,126483
industri_for_met,2017,133075
industri_for_met,2018,141464
industri_for_met,2019,144789
industri_for_met,2020,131226
industri_for_met,2021,159881
industri_for_met,2022,193962
datorer_elek,2008,148622
datorer_elek,2009,131522
datorer_elek,2010,132809
datorer_elek,2011,143691.504338295
datorer_elek,2012,132413.779658673
datorer_elek,2013,134610
datorer_elek,2014,137395
datorer_elek,2015,35713
datorer_elek,2016,35694
datorer_elek,2017,35008
datorer_elek,2018,38995
datorer_elek,2019,42511
datorer_elek,2020,41924
datorer_elek,2021,45029
datorer_elek,2022,53875
elapparatur,2008,68598
elapparatur,2009,62868
elapparatur,2010,62429
elapparatur,2011,67544.4956617052
elapparatur,2012,62243.220341327
elapparatur,2013,61851
elapparatur,2014,60763
elapparatur,2015,63478
elapparatur,2016,60567
elapparatur,2017,65298
elapparatur,2018,65799
elapparatur,2019,64799
elapparatur,2020,64582
elapparatur,2021,70566
elapparatur,2022,86069
ovrig_mask,2008,232897
ovrig_mask,2009,173338
ovrig_mask,2010,187144
ovrig_mask,2011,218183
ovrig_mask,2012,210998
ovrig_mask,2013,195222
ovrig_mask,2014,184287
ovrig_mask,2015,194493
ovrig_mask,2016,194112
ovrig_mask,2017,215196
ovrig_mask,2018,229581
ovrig_mask,2019,243233
ovrig_mask,2020,228023
ovrig_mask,2021,275699
ovrig_mask,2022,400261
industri_for_mot,2008,263017
industri_for_mot,2009,168918
industri_for_mot,2010,209320
industri_for_mot,2011,251491
industri_for_mot,2012,219844
industri_for_mot,2013,224595
industri_for_mot,2014,235179
industri_for_mot,2015,276003
industri_for_mot,2016,303106
industri_for_mot,2017,335015
industri_for_mot,2018,365913
industri_for_mot,2019,377823
industri_for_mot,2020,312487
industri_for_mot,2021,364457
industri_for_mot,2022,554529
andra_tran,2008,40620
andra_tran,2009,40510
andra_tran,2010,38447
andra_tran,2011,37990
andra_tran,2012,38746
andra_tran,2013,39149
andra_tran,2014,39811
andra_tran,2015,44023
andra_tran,2016,44645
andra_tran,2017,47161
andra_tran,2018,50235
andra_tran,2019,52856
andra_tran,2020,47863
andra_tran,2021,52117
andra_tran,2022,62954
mobelindustri,2008,28355
mobelindustri,2009,25566
mobelindustri,2010,26018
mobelindustri,2011,27156
mobelindustri,2012,26213
mobelindustri,2013,24911
mobelindustri,2014,25153
mobelindustri,2015,25938
mobelindustri,2016,27110
mobelindustri,2017,27676
mobelindustri,2018,27816
mobelindustri,2019,28938
mobelindustri,2020,27662
mobelindustri,2021,30542
mobelindustri,2022,37586
andra_till,2008,26703
andra_till,2009,27460
andra_till,2010,26544
andra_till,2011,24309
andra_till,2012,23564
andra_till,2013,21930
andra_till,2014,23582
andra_till,2015,22299
andra_till,2016,23562
andra_till,2017,22842
andra_till,2018,22316
andra_till,2019,23381
andra_till,2020,26526
andra_till,2021,25250
andra_till,2022,27179
reparationsverkstader,2008,37294
reparationsverkstader,2009,34910
reparationsverkstader,2010,31742
reparationsverkstader,2011,31159
reparationsverkstader,2012,29619
reparationsverkstader,2013,28762
reparationsverkstader,2014,28447
reparationsverkstader,2015,29954
reparationsverkstader,2016,31041
reparationsverkstader,2017,33098
reparationsverkstader,2018,35111
reparationsverkstader,2019,35980
reparationsverkstader,2020,35230
reparationsverkstader,2021,37280
reparationsverkstader,2022,37516
el_gas,2008,237690
el_gas,2009,228792
el_gas,2010,270879
el_gas,2011,260444
el_gas,2012,264925
el_gas,2013,260086
el_gas,2014,242058
el_gas,2015,245243
el_gas,2016,239705
el_gas,2017,244336
el_gas,2018,279111
el_gas,2019,293881
el_gas,2020,258103
el_gas,2021,324707
el_gas,2022,430903
vattenforsorjning_e,2008,2623
vattenforsorjning_e,2009,2976
vattenforsorjning_e,2010,3335
vattenforsorjning_e,2011,4055
vattenforsorjning_e,2012,4651
vattenforsorjning_e,2013,4874
vattenforsorjning_e,2014,5205
vattenforsorjning_e,2015,5547
vattenforsorjning_e,2016,5706
vattenforsorjning_e,2017,6189
vattenforsorjning_e,2018,6467
vattenforsorjning_e,2019,6977
vattenforsorjning_e,2020,7925
vattenforsorjning_e,2021,8284
vattenforsorjning_e,2022,8233
avloppsreningstjanster_avlo,2008,1763
avloppsreningstjanster_avlo,2009,2859
avloppsreningstjanster_avlo,2010,3504
avloppsreningstjanster_avlo,2011,3625
avloppsreningstjanster_avlo,2012,3907
avloppsreningstjanster_avlo,2013,4336
avloppsreningstjanster_avlo,2014,4716
avloppsreningstjanster_avlo,2015,4914
avloppsreningstjanster_avlo,2016,5262
avloppsreningstjanster_avlo,2017,5709
avloppsreningstjanster_avlo,2018,6369
avloppsreningstjanster_avlo,2019,6543
avloppsreningstjanster_avlo,2020,6854
avloppsreningstjanster_avlo,2021,8606
avloppsreningstjanster_avlo,2022,8906
avfallshantering_ater,2008,36567
avfallshantering_ater,2009,28983
avfallshantering_ater,2010,33636
avfallshantering_ater,2011,39825
avfallshantering_ater,2012,40478
avfallshantering_ater,2013,38501
avfallshantering_ater,2014,40565
avfallshantering_ater,2015,42263
avfallshantering_ater,2016,41411
avfallshantering_ater,2017,44945
avfallshantering_ater,2018,51638
avfallshantering_ater,2019,52607
avfallshantering_ater,2020,51063
avfallshantering_ater,2021,59501
avfallshantering_ater,2022,65764
anlaggningar_for,2008,516
anlaggningar_for,2009,429
anlaggningar_for,2010,264
anlaggningar_for,2011,458
anlaggningar_for,2012,411
anlaggningar_for,2013,444
anlaggningar_for,2014,528
anlaggningar_for,2015,860
anlaggningar_for,2016,878
anlaggningar_for,2017,1017
anlaggningar_for,2018,1190
anlaggningar_for,2019,1197
anlaggningar_for,2020,2012
anlaggningar_for,2021,1940
anlaggningar_for,2022,1179
byggentreprenorer,2008,188316
byggentreprenorer,2009,187947
byggentreprenorer,2010,188611
byggentreprenorer,2011,199935
byggentreprenorer,2012,206142
byggentreprenorer,2013,200687
byggentreprenorer,2014,217770
byggentreprenorer,2015,241282
byggentreprenorer,2016,271148
byggentreprenorer,2017,308785
byggentreprenorer,2018,342706
byggentreprenorer,2019,350229
byggentreprenorer,2020,350864
byggentreprenorer,2021,377123
byggentreprenorer,2022,418300
anlaggningsentreprenorer,2008,26569
anlaggningsentreprenorer,2009,31091
anlaggningsentreprenorer,2010,39870
anlaggningsentreprenorer,2011,44648
anlaggningsentreprenorer,2012,55325
anlaggningsentreprenorer,2013,58779
anlaggningsentreprenorer,2014,61017
anlaggningsentreprenorer,2015,71738
anlaggningsentreprenorer,2016,66324
anlaggningsentreprenorer,2017,74928
anlaggningsentreprenorer,2018,87409
anlaggningsentreprenorer,2019,92359
anlaggningsentreprenorer,2020,95492
anlaggningsentreprenorer,2021,105701
anlaggningsentreprenorer,2022,112083
specialiserade_bygg,2008,237847
specialiserade_bygg,2009,230627
specialiserade_bygg,2010,242446
specialiserade_bygg,2011,268655
specialiserade_bygg,2012,276796
specialiserade_bygg,2013,283033
specialiserade_bygg,2014,300777
specialiserade_bygg,2015,332928
specialiserade_bygg,2016,348690
specialiserade_bygg,2017,382107
specialiserade_bygg,2018,415128
specialiserade_bygg,2019,433205
specialiserade_bygg,2020,442687
specialiserade_bygg,2021,471871
specialiserade_bygg,2022,549348
handel_med,2008,281330
handel_med,2009,251299
handel_med,2010,309573
handel_med,2011,340489
handel_med,2012,322188
handel_med,2013,322448
handel_med,2014,352817
handel_med,2015,396658
handel_med,2016,436790
handel_med,2017,469998
handel_med,2018,490926
handel_med,2019,510622
handel_med,2020,511337
handel_med,2021,563307
handel_med,2022,561500
parti_prov,2008,1260336
parti_prov,2009,1154232
parti_prov,2010,1259674
parti_prov,2011,1279106
parti_prov,2012,1277550
parti_prov,2013,1253770
parti_prov,2014,1287129
parti_prov,2015,1297575
parti_prov,2016,1347134
parti_prov,2017,1450705
parti_prov,2018,1541923
parti_prov,2019,1622314
parti_prov,2020,1593855
parti_prov,2021,1715144
parti_prov,2022,1894605
detaljhandel_ut_mot,2008,590854
detaljhandel_ut_mot,2009,603077
detaljhandel_ut_mot,2010,595288
detaljhandel_ut_mot,2011,610709
detaljhandel_ut_mot,2012,617369
detaljhandel_ut_mot,2013,628119
detaljhandel_ut_mot,2014,647456
detaljhandel_ut_mot,2015,704409
detaljhandel_ut_mot,2016,736821
detaljhandel_ut_mot,2017,751682
detaljhandel_ut_mot,2018,783817
detaljhandel_ut_mot,2019,810329
detaljhandel_ut_mot,2020,833659
detaljhandel_ut_mot,2021,896089
detaljhandel_ut_mot,2022,991764
landtransportforetag_rort,2008,165464
landtransportforetag_rort,2009,159502
landtransportforetag_rort,2010,171033
landtransportforetag_rort,2011,182460
landtransportforetag_rort,2012,182061
landtransportforetag_rort,2013,183628
landtransportforetag_rort,2014,187275
landtransportforetag_rort,2015,191155
landtransportforetag_rort,2016,197217
landtransportforetag_rort,2017,206962
landtransportforetag_rort,2018,215132
landtransportforetag_rort,2019,225693
landtransportforetag_rort,2020,220189
landtransportforetag_rort,2021,233952
landtransportforetag_rort,2022,280596
rederier,2008,43773
rederier,2009,38332
rederier,2010,37717
rederier,2011,36205
rederier,2012,33838
rederier,2013,32193
rederier,2014,32713
rederier,2015,36571
rederier,2016,34252
rederier,2017,34769
rederier,2018,37000
rederier,2019,40703
rederier,2020,28660
rederier,2021,32138
rederier,2022,41161
flygbolag,2008,34684
flygbolag,2009,30729
flygbolag,2010,25902
flygbolag,2011,26231
flygbolag,2012,26455
flygbolag,2013,26758
flygbolag,2014,26130
flygbolag,2015,27987
flygbolag,2016,28462
flygbolag,2017,29090
flygbolag,2018,28734
flygbolag,2019,29503
flygbolag,2020,14295
flygbolag,2021,12318
flygbolag,2022,33590
magasin,2008,149109.144293252
magasin,2009,128423.444321022
magasin,2010,145361.146153846
magasin,2011,153818.805304082
magasin,2012,153551.86095529
magasin,2013,149919.925576229
magasin,2014,149265
magasin,2015,155202
magasin,2016,158407
magasin,2017,169633
magasin,2018,179506
magasin,2019,184044
magasin,2020,170645
magasin,2021,202308
magasin,2022,224309
post,2008,30752.8557067482
post,2009,26486.5556789781
post,2010,29979.8538461539
post,2011,31724.1946959178
post,2012,31669.1390447098
post,2013,30920.0744237712
post,2014,30785
post,2015,32502
post,2016,32553
post,2017,32298
post,2018,32747
post,2019,32529
post,2020,33973
post,2021,39949
post,2022,42019
hotell_logi,2008,32133
hotell_logi,2009,30878
hotell_logi,2010,33266
hotell_logi,2011,35607
hotell_logi,2012,36944
hotell_logi,2013,37964
hotell_logi,2014,39805
hotell_logi,2015,43536
hotell_logi,2016,47851
hotell_logi,2017,48419
hotell_logi,2018,50866
hotell_logi,2019,52335
hotell_logi,2020,31259
hotell_logi,2021,36624
hotell_logi,2022,66853
restaurang_cate,2008,63488
restaurang_cate,2009,64258
restaurang_cate,2010,69313
restaurang_cate,2011,74379
restaurang_cate,2012,80083
restaurang_cate,2013,84765
restaurang_cate,2014,89389
restaurang_cate,2015,96863
restaurang_cate,2016,103673
restaurang_cate,2017,109470
restaurang_cate,2018,114007
restaurang_cate,2019,118594
restaurang_cate,2020,98840
restaurang_cate,2021,104732
restaurang_cate,2022,142323
forlag,2008,60455
forlag,2009,58422
forlag,2010,59522
forlag,2011,61244
forlag,2012,61094
forlag,2013,60765
forlag,2014,61371
forlag,2015,64182
forlag,2016,66736
forlag,2017,72670
forlag,2018,74584
forlag,2019,83698
forlag,2020,83684
forlag,2021,95376
forlag,2022,110109
film_vide,2008,25263
film_vide,2009,25885
film_vide,2010,26509
film_vide,2011,25524
film_vide,2012,27558
film_vide,2013,27882
film_vide,2014,28582
film_vide,2015,29411
film_vide,2016,30738
film_vide,2017,32978
film_vide,2018,35841
film_vide,2019,38597
film_vide,2020,36357
film_vide,2021,43930
film_vide,2022,45066
radio,2008,10616
radio,2009,10327
radio,2010,11339
radio,2011,12598
radio,2012,13775
radio,2013,13751
radio,2014,13954
radio,2015,14284
radio,2016,14796
radio,2017,15560
radio,2018,8131
radio,2019,9031
radio,2020,8066
radio,2021,8954
radio,2022,13215
telekommunikation_j,2008,101171
telekommunikation_j,2009,102234
telekommunikation_j,2010,105591
telekommunikation_j,2011,106972
telekommunikation_j,2012,110250
telekommunikation_j,2013,109379
telekommunikation_j,2014,114619
telekommunikation_j,2015,119360
telekommunikation_j,2016,125421
telekommunikation_j,2017,127785
telekommunikation_j,2018,127716
telekommunikation_j,2019,126480
telekommunikation_j,2020,127188
telekommunikation_j,2021,137720
telekommunikation_j,2022,142595
programvaruproducenter_data,2008,144061
programvaruproducenter_data,2009,136725
programvaruproducenter_data,2010,144031
programvaruproducenter_data,2011,161991
programvaruproducenter_data,2012,160151
programvaruproducenter_data,2013,163441
programvaruproducenter_data,2014,174905
programvaruproducenter_data,2015,297450
programvaruproducenter_data,2016,287747
programvaruproducenter_data,2017,285850
programvaruproducenter_data,2018,324353
programvaruproducenter_data,2019,354500
programvaruproducenter_data,2020,363790
programvaruproducenter_data,2021,403879
programvaruproducenter_data,2022,495853
informationstjanstforetag,2008,9614
informationstjanstforetag,2009,9465
informationstjanstforetag,2010,10566
informationstjanstforetag,2011,12094
informationstjanstforetag,2012,14884
informationstjanstforetag,2013,18434
informationstjanstforetag,2014,24998
informationstjanstforetag,2015,27896
informationstjanstforetag,2016,35864
informationstjanstforetag,2017,44057
informationstjanstforetag,2018,54399
informationstjanstforetag,2019,67444
informationstjanstforetag,2020,76054
informationstjanstforetag,2021,86066
informationstjanstforetag,2022,108760
fastighetsbolag_g,2008,256752
fastighetsbolag_g,2009,260842
fastighetsbolag_g,2010,265189
fastighetsbolag_g,2011,290414
fastighetsbolag_g,2012,297218
fastighetsbolag_g,2013,307728
fastighetsbolag_g,2014,311698
fastighetsbolag_g,2015,325479
fastighetsbolag_g,2016,337176
fastighetsbolag_g,2017,357400
fastighetsbolag_g,2018,366695
fastighetsbolag_g,2019,387942
fastighetsbolag_g,2020,400131
fastighetsbolag_g,2021,421374
fastighetsbolag_g,2022,416406
juridiska_ek_byr,2008,48897
juridiska_ek_byr,2009,48347
juridiska_ek_byr,2010,48138
juridiska_ek_byr,2011,51846
juridiska_ek_byr,2012,54390
juridiska_ek_byr,2013,54908
juridiska_ek_byr,2014,57061
juridiska_ek_byr,2015,60362
juridiska_ek_byr,2016,64363
juridiska_ek_byr,2017,70542
juridiska_ek_byr,2018,74479
juridiska_ek_byr,2019,77637
juridiska_ek_byr,2020,80807
juridiska_ek_byr,2021,85927
juridiska_ek_byr,2022,88731
huvudkontor_kons,2008,63073
huvudkontor_kons,2009,61053
huvudkontor_kons,2010,67524
huvudkontor_kons,2011,74429
huvudkontor_kons,2012,81750
huvudkontor_kons,2013,83687
huvudkontor_kons,2014,90345
huvudkontor_kons,2015,98222
huvudkontor_kons,2016,108405
huvudkontor_kons,2017,117668
huvudkontor_kons,2018,125811
huvudkontor_kons,2019,135767
huvudkontor_kons,2020,133784
huvudkontor_kons,2021,150838
huvudkontor_kons,2022,168625
arkitekt,2008,116252.47334487
arkitekt,2009,107359
arkitekt,2010,111905
arkitekt,2011,108151
arkitekt,2012,118126
arkitekt,2013,125829.078104739
arkitekt,2014,127826
arkitekt,2015,138364
arkitekt,2016,149130
arkitekt,2017,162286
arkitekt,2018,173378
arkitekt,2019,180263
arkitekt,2020,185013
arkitekt,2021,196511
arkitekt,2022,228700
forsknings,2008,32045.5266551299
forsknings,2009,29594
forsknings,2010,35345
forsknings,2011,29734
forsknings,2012,28098
forsknings,2013,32833.9218952606
forsknings,2014,33355
forsknings,2015,30836
forsknings,2016,28765
forsknings,2017,33125
forsknings,2018,35324
forsknings,2019,41237
forsknings,2020,47816
forsknings,2021,47173
forsknings,2022,48461
reklam_mark,2008,53554
reklam_mark,2009,49309
reklam_mark,2010,52006
reklam_mark,2011,55569
reklam_mark,2012,55604
reklam_mark,2013,53211
reklam_mark,2014,54581
reklam_mark,2015,55960
reklam_mark,2016,58239
reklam_mark,2017,60497
reklam_mark,2018,61161
reklam_mark,2019,59709
reklam_mark,2020,53165
reklam_mark,2021,58781
reklam_mark,2022,60813
jur_andra,2008,29821
jur_andra,2009,28482
jur_andra,2010,31796
jur_andra,2011,32537
jur_andra,2012,34396
jur_andra,2013,36040
jur_andra,2014,39128
jur_andra,2015,43748
jur_andra,2016,50289
jur_andra,2017,53484
jur_andra,2018,57828
jur_andra,2019,60734
jur_andra,2020,59870
jur_andra,2021,66838
jur_andra,2022,74109
veterinarkliniker,2008,2795
veterinarkliniker,2009,2995
veterinarkliniker,2010,3188
veterinarkliniker,2011,3469
veterinarkliniker,2012,3608
veterinarkliniker,2013,3909
veterinarkliniker,2014,4325
veterinarkliniker,2015,4719
veterinarkliniker,2016,5072
veterinarkliniker,2017,5373
veterinarkliniker,2018,5661
veterinarkliniker,2019,6115
veterinarkliniker,2020,7001
veterinarkliniker,2021,7725
veterinarkliniker,2022,8983
uthyrningsfirmor,2008,34653
uthyrningsfirmor,2009,32585
uthyrningsfirmor,2010,35467
uthyrningsfirmor,2011,38547
uthyrningsfirmor,2012,39087
uthyrningsfirmor,2013,37565
uthyrningsfirmor,2014,40043
uthyrningsfirmor,2015,43139
uthyrningsfirmor,2016,48510
uthyrningsfirmor,2017,52494
uthyrningsfirmor,2018,58228
uthyrningsfirmor,2019,60067
uthyrningsfirmor,2020,57829
uthyrningsfirmor,2021,62261
uthyrningsfirmor,2022,55617
arbetsformedlingar_rekr,2008,30297
arbetsformedlingar_rekr,2009,25179
arbetsformedlingar_rekr,2010,30360
arbetsformedlingar_rekr,2011,38699
arbetsformedlingar_rekr,2012,39573
arbetsformedlingar_rekr,2013,40262
arbetsformedlingar_rekr,2014,43056
arbetsformedlingar_rekr,2015,51315
arbetsformedlingar_rekr,2016,57236
arbetsformedlingar_rekr,2017,65388
arbetsformedlingar_rekr,2018,70171
arbetsformedlingar_rekr,2019,70326
arbetsformedlingar_rekr,2020,62827
arbetsformedlingar_rekr,2021,77069
arbetsformedlingar_rekr,2022,100648
resebyraer,2008,55185
resebyraer,2009,52836
resebyraer,2010,55524
resebyraer,2011,58860
resebyraer,2012,60875
resebyraer,2013,61246
resebyraer,2014,61124
resebyraer,2015,63120
resebyraer,2016,64614
resebyraer,2017,67791
resebyraer,2018,70590
resebyraer,2019,65487
resebyraer,2020,25934
resebyraer,2021,14603
resebyraer,2022,43312
foretag_for_bev,2008,13966
foretag_for_bev,2009,15417
foretag_for_bev,2010,15896
foretag_for_bev,2011,16462
foretag_for_bev,2012,17112
foretag_for_bev,2013,17379
foretag_for_bev,2014,18309
foretag_for_bev,2015,19685
foretag_for_bev,2016,20482
foretag_for_bev,2017,21641
foretag_for_bev,2018,22548
foretag_for_bev,2019,23381
foretag_for_bev,2020,23508
foretag_for_bev,2021,25802
foretag_for_bev,2022,28175
foretag_for,2008,38965
foretag_for,2009,39479
foretag_for,2010,42880
foretag_for,2011,46096
foretag_for,2012,46747
foretag_for,2013,44512
foretag_for,2014,46090
foretag_for,2015,49426
foretag_for,2016,56361
foretag_for,2017,57834
foretag_for,2018,62596
foretag_for,2019,65640
foretag_for,2020,64128
foretag_for,2021,68635
foretag_for,2022,80822
kontors,2008,23923
kontors,2009,23379
kontors,2010,23906
kontors,2011,25140
kontors,2012,25220
kontors,2013,28439
kontors,2014,28719
kontors,2015,28771
kontors,2016,26812
kontors,2017,27520
kontors,2018,29294
kontors,2019,29659
kontors,2020,28331
kontors,2021,32160
kontors,2022,30405
utbildning,2008,37297
utbildning,2009,40140
utbildning,2010,44185
utbildning,2011,47572
utbildning,2012,49385
utbildning,2013,51755
utbildning,2014,54440
utbildning,2015,58485
utbildning,2016,61639
utbildning,2017,62543
utbildning,2018,65409
utbildning,2019,67600
utbildning,2020,69018
utbildning,2021,74138
utbildning,2022,78217
halso,2008,53250
halso,2009,58250
halso,2010,64020
halso,2011,68696
halso,2012,71807
halso,2013,75017
halso,2014,79384
halso,2015,74675
halso,2016,79181
halso,2017,83712
halso,2018,86088
halso,2019,89394
halso,2020,89011
halso,2021,102089
halso,2022,103968
vardhem,2008,18929
vardhem,2009,21138
vardhem,2010,22030
vardhem,2011,24783
vardhem,2012,26686
vardhem,2013,27699
vardhem,2014,28739
vardhem,2015,32373
vardhem,2016,38825
vardhem,2017,37222
vardhem,2018,35562
vardhem,2019,34978
vardhem,2020,34756
vardhem,2021,36626
vardhem,2022,38219
sociala_oppe,2008,12839
sociala_oppe,2009,15544
sociala_oppe,2010,18568
sociala_oppe,2011,21046
sociala_oppe,2012,23231
sociala_oppe,2013,26840
sociala_oppe,2014,30372
sociala_oppe,2015,33918
sociala_oppe,2016,37935
sociala_oppe,2017,36355
sociala_oppe,2018,36299
sociala_oppe,2019,36037
sociala_oppe,2020,37055
sociala_oppe,2021,36885
sociala_oppe,2022,41176
enheter_for_konst,2008,11543
enheter_for_konst,2009,11528
enheter_for_konst,2010,12138
enheter_for_konst,2011,12433
enheter_for_konst,2012,13716
enheter_for_konst,2013,14971
enheter_for_konst,2014,14365
enheter_for_konst,2015,15038
enheter_for_konst,2016,16564
enheter_for_konst,2017,16748
enheter_for_konst,2018,17427
enheter_for_konst,2019,18062
enheter_for_konst,2020,12983
enheter_for_konst,2021,14053
enheter_for_konst,2022,23173
bibliotek_arki,2008,1318
bibliotek_arki,2009,1205
bibliotek_arki,2010,1432
bibliotek_arki,2011,1598
bibliotek_arki,2012,1682
bibliotek_arki,2013,1955
bibliotek_arki,2014,1939
bibliotek_arki,2015,2116
bibliotek_arki,2016,2039
bibliotek_arki,2017,2080
bibliotek_arki,2018,1644
bibliotek_arki,2019,1865
bibliotek_arki,2020,1316
bibliotek_arki,2021,2022
bibliotek_arki,2022,1594
spel,2008,36157
spel,2009,36462
spel,2010,36200
spel,2011,37849
spel,2012,37759
spel,2013,37466
spel,2014,35512
spel,2015,35840
spel,2016,37001
spel,2017,37519
spel,2018,36359
spel,2019,27797
spel,2020,18677
spel,2021,12795
spel,2022,13387
sport_frit,2008,16220
sport_frit,2009,16962
sport_frit,2010,18191
sport_frit,2011,19150
sport_frit,2012,20238
sport_frit,2013,21058
sport_frit,2014,22344
sport_frit,2015,24273
sport_frit,2016,26022
sport_frit,2017,29155
sport_frit,2018,31029
sport_frit,2019,32206
sport_frit,2020,28434
sport_frit,2021,32169
sport_frit,2022,41670
intresseorganisationer,2008,8397
intresseorganisationer,2009,8223
intresseorganisationer,2010,8650
intresseorganisationer,2011,8845
intresseorganisationer,2012,9299
intresseorganisationer,2013,9421
intresseorganisationer,2014,9311
intresseorganisationer,2015,9824
intresseorganisationer,2016,9971
intresseorganisationer,2017,10078
intresseorganisationer,2018,10642
intresseorganisationer,2019,9808
intresseorganisationer,2020,8676
intresseorganisationer,2021,9596
intresseorganisationer,2022,10691
reparationsverkstader_for,2008,5995
reparationsverkstader_for,2009,5796
reparationsverkstader_for,2010,5596
reparationsverkstader_for,2011,5471
reparationsverkstader_for,2012,5997
reparationsverkstader_for,2013,5899
reparationsverkstader_for,2014,5347
reparationsverkstader_for,2015,5583
reparationsverkstader_for,2016,5871
reparationsverkstader_for,2017,5861
reparationsverkstader_for,2018,5608
reparationsverkstader_for,2019,5661
reparationsverkstader_for,2020,5165
reparationsverkstader_for,2021,5217
reparationsverkstader_for,2022,4917
andra_kons,2008,19527
andra_kons,2009,20324
andra_kons,2010,22222
andra_kons,2011,23957
andra_kons,2012,24993
andra_kons,2013,26329
andra_kons,2014,27496
andra_kons,2015,28205
andra_kons,2016,29733
andra_kons,2017,31277
andra_kons,2018,32174
andra_kons,2019,33707
andra_kons,2020,32092
andra_kons,2021,34809
andra_kons,2022,37544
