sni_id,year,utsl_koldi
annan_serv,2000,
annan_serv,2001,
annan_serv,2002,
annan_serv,2003,
annan_serv,2004,
annan_serv,2005,
annan_serv,2006,
annan_serv,2007,
annan_serv,2008,142.789286035852
annan_serv,2009,136.736919571566
annan_serv,2010,147.463187942285
annan_serv,2011,152.140406581648
annan_serv,2012,134.310556437943
annan_serv,2013,129.064832155406
annan_serv,2014,130.752755161568
annan_serv,2015,125.634931976337
annan_serv,2016,122.213371258471
annan_serv,2017,115.228753211995
annan_serv,2018,112.462663778718
annan_serv,2019,111.310375910929
annan_serv,2020,105.230119873947
annan_serv,2021,101.820793785641
annan_serv,2022,92.835557471246
annan_serv,2023,
andra_tran,2000,
andra_tran,2001,
andra_tran,2002,
andra_tran,2003,
andra_tran,2004,
andra_tran,2005,
andra_tran,2006,
andra_tran,2007,
andra_tran,2008,32.0814631435805
andra_tran,2009,25.7381926470742
andra_tran,2010,27.2360706563466
andra_tran,2011,24.5604856366875
andra_tran,2012,18.299881608041
andra_tran,2013,17.9647607913196
andra_tran,2014,16.7206917845056
andra_tran,2015,16.8284457918116
andra_tran,2016,19.1278224681889
andra_tran,2017,16.4731564593315
andra_tran,2018,15.6558880577412
andra_tran,2019,16.2470955982637
andra_tran,2020,20.1846768940292
andra_tran,2021,13.4297657432348
andra_tran,2022,11.2499274120152
andra_tran,2023,
arbetsformedling_rese,2000,
arbetsformedling_rese,2001,
arbetsformedling_rese,2002,
arbetsformedling_rese,2003,
arbetsformedling_rese,2004,
arbetsformedling_rese,2005,
arbetsformedling_rese,2006,
arbetsformedling_rese,2007,
arbetsformedling_rese,2008,225.303662514331
arbetsformedling_rese,2009,219.460452695984
arbetsformedling_rese,2010,246.057157840838
arbetsformedling_rese,2011,257.103873193466
arbetsformedling_rese,2012,240.277049506178
arbetsformedling_rese,2013,242.340571525709
arbetsformedling_rese,2014,230.802970567725
arbetsformedling_rese,2015,233.662131372299
arbetsformedling_rese,2016,220.178741396285
arbetsformedling_rese,2017,220.195937123743
arbetsformedling_rese,2018,217.96608630495
arbetsformedling_rese,2019,221.254535156249
arbetsformedling_rese,2020,215.112896376418
arbetsformedling_rese,2021,217.063117310812
arbetsformedling_rese,2022,196.819272652083
arbetsformedling_rese,2023,
arkitekt_tekn,2000,
arkitekt_tekn,2001,
arkitekt_tekn,2002,
arkitekt_tekn,2003,
arkitekt_tekn,2004,
arkitekt_tekn,2005,
arkitekt_tekn,2006,
arkitekt_tekn,2007,
arkitekt_tekn,2008,153.26306056951
arkitekt_tekn,2009,153.626262676363
arkitekt_tekn,2010,154.539068515541
arkitekt_tekn,2011,153.472675570783
arkitekt_tekn,2012,144.744347532656
arkitekt_tekn,2013,141.271136898872
arkitekt_tekn,2014,134.446464777387
arkitekt_tekn,2015,136.175866395425
arkitekt_tekn,2016,129.34566493663
arkitekt_tekn,2017,128.615919617114
arkitekt_tekn,2018,128.167926557366
arkitekt_tekn,2019,127.286707413156
arkitekt_tekn,2020,121.24288236883
arkitekt_tekn,2021,114.8557742445
arkitekt_tekn,2022,100.365095462543
arkitekt_tekn,2023,
vattenforsorjning_avlo,2000,
vattenforsorjning_avlo,2001,
vattenforsorjning_avlo,2002,
vattenforsorjning_avlo,2003,
vattenforsorjning_avlo,2004,
vattenforsorjning_avlo,2005,
vattenforsorjning_avlo,2006,
vattenforsorjning_avlo,2007,
vattenforsorjning_avlo,2008,278.176204177407
vattenforsorjning_avlo,2009,275.26142996983
vattenforsorjning_avlo,2010,291.782617580069
vattenforsorjning_avlo,2011,309.522220083346
vattenforsorjning_avlo,2012,323.470453768718
vattenforsorjning_avlo,2013,313.422872772131
vattenforsorjning_avlo,2014,309.184313981818
vattenforsorjning_avlo,2015,308.557551473558
vattenforsorjning_avlo,2016,304.046481667163
vattenforsorjning_avlo,2017,297.908853503256
vattenforsorjning_avlo,2018,290.773106517136
vattenforsorjning_avlo,2019,271.059179013123
vattenforsorjning_avlo,2020,247.831241233157
vattenforsorjning_avlo,2021,273.105389968145
vattenforsorjning_avlo,2022,243.97430008537
vattenforsorjning_avlo,2023,
banker,2000,
banker,2001,
banker,2002,
banker,2003,
banker,2004,
banker,2005,
banker,2006,
banker,2007,
banker,2008,44.0319168451698
banker,2009,38.004839194831
banker,2010,63.1993086138782
banker,2011,62.185959734241
banker,2012,68.6664488094738
banker,2013,65.1677284700403
banker,2014,61.351014532947
banker,2015,65.8011323023411
banker,2016,65.2513576075907
banker,2017,68.2171979543797
banker,2018,65.151350236955
banker,2019,65.2302125333547
banker,2020,62.7899812625643
banker,2021,89.3412961794836
banker,2022,84.3711224011981
banker,2023,
bygg,2000,
bygg,2001,
bygg,2002,
bygg,2003,
bygg,2004,
bygg,2005,
bygg,2006,
bygg,2007,
bygg,2008,1920.22789138936
bygg,2009,1879.32077240072
bygg,2010,1978.21185836723
bygg,2011,2002.12887864684
bygg,2012,1949.53004501073
bygg,2013,1929.49807491966
bygg,2014,1869.4510275267
bygg,2015,1929.46883667097
bygg,2016,1942.22496975243
bygg,2017,1856.84733388291
bygg,2018,1830.76429188049
bygg,2019,1905.40989642088
bygg,2020,1893.92680712187
bygg,2021,1970.82418233402
bygg,2022,1772.92912345075
bygg,2023,
dataprogrammering_data,2000,
dataprogrammering_data,2001,
dataprogrammering_data,2002,
dataprogrammering_data,2003,
dataprogrammering_data,2004,
dataprogrammering_data,2005,
dataprogrammering_data,2006,
dataprogrammering_data,2007,
dataprogrammering_data,2008,90.3001717802763
dataprogrammering_data,2009,91.7365324784837
dataprogrammering_data,2010,83.5718752769742
dataprogrammering_data,2011,88.4830845552062
dataprogrammering_data,2012,79.8281319718061
dataprogrammering_data,2013,76.1555001732712
dataprogrammering_data,2014,71.0464129845974
dataprogrammering_data,2015,69.7829307877471
dataprogrammering_data,2016,65.6943409706465
dataprogrammering_data,2017,64.4035966256151
dataprogrammering_data,2018,63.2452053834831
dataprogrammering_data,2019,59.6070767969124
dataprogrammering_data,2020,52.9946454309872
dataprogrammering_data,2021,48.3116652278328
dataprogrammering_data,2022,40.3133404849922
dataprogrammering_data,2023,
el_gas,2000,
el_gas,2001,
el_gas,2002,
el_gas,2003,
el_gas,2004,
el_gas,2005,
el_gas,2006,
el_gas,2007,
el_gas,2008,7455.80134380803
el_gas,2009,7777.30658770069
el_gas,2010,10281.9917357995
el_gas,2011,8079.72584661917
el_gas,2012,7505.02491335594
el_gas,2013,7270.96753758242
el_gas,2014,6391.36164306608
el_gas,2015,6067.3161576274
el_gas,2016,6636.44134760143
el_gas,2017,6226.80817779033
el_gas,2018,6452.39737581482
el_gas,2019,5363.84830072682
el_gas,2020,4952.39591777407
el_gas,2021,5781.48361081327
el_gas,2022,5348.913908157
el_gas,2023,
fastighetsbolag_g,2000,
fastighetsbolag_g,2001,
fastighetsbolag_g,2002,
fastighetsbolag_g,2003,
fastighetsbolag_g,2004,
fastighetsbolag_g,2005,
fastighetsbolag_g,2006,
fastighetsbolag_g,2007,
fastighetsbolag_g,2008,272.229170676615
fastighetsbolag_g,2009,265.984197754092
fastighetsbolag_g,2010,304.230631151819
fastighetsbolag_g,2011,249.749044284169
fastighetsbolag_g,2012,220.412271721297
fastighetsbolag_g,2013,199.033473133282
fastighetsbolag_g,2014,207.850943741907
fastighetsbolag_g,2015,200.268072891456
fastighetsbolag_g,2016,196.332204802757
fastighetsbolag_g,2017,183.920501566425
fastighetsbolag_g,2018,179.556475942175
fastighetsbolag_g,2019,179.026404869888
fastighetsbolag_g,2020,166.800437360594
fastighetsbolag_g,2021,164.252243392665
fastighetsbolag_g,2022,150.002438336557
fastighetsbolag_g,2023,
film_vide_j,2000,
film_vide_j,2001,
film_vide_j,2002,
film_vide_j,2003,
film_vide_j,2004,
film_vide_j,2005,
film_vide_j,2006,
film_vide_j,2007,
film_vide_j,2008,23.2342646789834
film_vide_j,2009,21.7915536299656
film_vide_j,2010,22.8072732163513
film_vide_j,2011,22.0445969613283
film_vide_j,2012,19.7843379142596
film_vide_j,2013,18.1796879150585
film_vide_j,2014,18.3209189096101
film_vide_j,2015,17.5809609212615
film_vide_j,2016,16.3118409700051
film_vide_j,2017,15.2634809202798
film_vide_j,2018,14.8062137371906
film_vide_j,2019,14.4559773029335
film_vide_j,2020,14.2099720935933
film_vide_j,2021,14.1287610575067
film_vide_j,2022,12.9466311361281
film_vide_j,2023,
fisk,2000,
fisk,2001,
fisk,2002,
fisk,2003,
fisk,2004,
fisk,2005,
fisk,2006,
fisk,2007,
fisk,2008,160.837646392644
fisk,2009,146.868351513333
fisk,2010,136.257339030836
fisk,2011,124.79456819754
fisk,2012,123.182181168031
fisk,2013,120.805194659975
fisk,2014,117.185485342455
fisk,2015,113.44680592268
fisk,2016,108.004829199063
fisk,2017,100.755004174718
fisk,2018,94.9766569572932
fisk,2019,90.0632949680113
fisk,2020,86.2693533176629
fisk,2021,87.5261184566497
fisk,2022,86.7504389372953
fisk,2023,
flygbolag,2000,
flygbolag,2001,
flygbolag,2002,
flygbolag,2003,
flygbolag,2004,
flygbolag,2005,
flygbolag,2006,
flygbolag,2007,
flygbolag,2008,2280.84155192327
flygbolag,2009,1931.4529971242
flygbolag,2010,1933.22737085038
flygbolag,2011,2092.96767344373
flygbolag,2012,2007.38651180158
flygbolag,2013,2059.96894701554
flygbolag,2014,2091.95372780689
flygbolag,2015,2071.26428119666
flygbolag,2016,2511.14804197866
flygbolag,2017,2573.80915124594
flygbolag,2018,2444.52323663264
flygbolag,2019,2328.6110112359
flygbolag,2020,896.855106045611
flygbolag,2021,1070.06403267592
flygbolag,2022,1822.81447184644
flygbolag,2023,
forlag,2000,
forlag,2001,
forlag,2002,
forlag,2003,
forlag,2004,
forlag,2005,
forlag,2006,
forlag,2007,
forlag,2008,18.8635680481835
forlag,2009,18.6630363666937
forlag,2010,18.5256038826118
forlag,2011,16.9911207174294
forlag,2012,15.5963157652016
forlag,2013,14.6610526812737
forlag,2014,12.813797866395
forlag,2015,11.5800786041409
forlag,2016,10.2385511268144
forlag,2017,9.7549397081573
forlag,2018,9.30546657164102
forlag,2019,8.62031190809043
forlag,2020,7.59734751374705
forlag,2021,7.16997945312293
forlag,2022,6.22777283580603
forlag,2023,
forsakrings,2000,
forsakrings,2001,
forsakrings,2002,
forsakrings,2003,
forsakrings,2004,
forsakrings,2005,
forsakrings,2006,
forsakrings,2007,
forsakrings,2008,12.2500911366102
forsakrings,2009,12.4991227694176
forsakrings,2010,17.6618556347792
forsakrings,2011,11.1383946943793
forsakrings,2012,10.185197587238
forsakrings,2013,9.61320945740104
forsakrings,2014,9.7055434651892
forsakrings,2015,8.77675322202614
forsakrings,2016,8.86268513671668
forsakrings,2017,8.62871875114754
forsakrings,2018,6.57969169471512
forsakrings,2019,5.19130348723139
forsakrings,2020,5.01603234224126
forsakrings,2021,4.73170009119464
forsakrings,2022,4.19897925928558
forsakrings,2023,
gummi,2000,
gummi,2001,
gummi,2002,
gummi,2003,
gummi,2004,
gummi,2005,
gummi,2006,
gummi,2007,
gummi,2008,107.514524936454
gummi,2009,105.278100332648
gummi,2010,125.597998797744
gummi,2011,99.3882532735614
gummi,2012,88.2656888553978
gummi,2013,82.4187109649229
gummi,2014,79.0090135996659
gummi,2015,78.9171461542208
gummi,2016,76.6899365216435
gummi,2017,69.0392486179567
gummi,2018,66.3058304763197
gummi,2019,69.1513870761362
gummi,2020,72.1129432980374
gummi,2021,60.6286285352406
gummi,2022,58.6950760811451
gummi,2023,
hand_g,2000,
hand_g,2001,
hand_g,2002,
hand_g,2003,
hand_g,2004,
hand_g,2005,
hand_g,2006,
hand_g,2007,
hand_g,2008,1814.21994907554
hand_g,2009,1643.19802716944
hand_g,2010,1736.56341056492
hand_g,2011,1801.43714482063
hand_g,2012,1599.81528531036
hand_g,2013,1585.18900440479
hand_g,2014,1437.30303743846
hand_g,2015,1411.84045408505
hand_g,2016,1359.39444900538
hand_g,2017,1309.33269949614
hand_g,2018,1313.09338963022
hand_g,2019,1348.967399441
hand_g,2020,1209.41700483851
hand_g,2021,1204.75207210991
hand_g,2022,1190.8007459272
hand_g,2023,
hotell_rest_i,2000,
hotell_rest_i,2001,
hotell_rest_i,2002,
hotell_rest_i,2003,
hotell_rest_i,2004,
hotell_rest_i,2005,
hotell_rest_i,2006,
hotell_rest_i,2007,
hotell_rest_i,2008,84.8289007841948
hotell_rest_i,2009,84.8990590068184
hotell_rest_i,2010,89.9091327132601
hotell_rest_i,2011,84.6389486479961
hotell_rest_i,2012,79.5074664400444
hotell_rest_i,2013,79.2234078934083
hotell_rest_i,2014,76.7981132887082
hotell_rest_i,2015,78.5385058848756
hotell_rest_i,2016,76.3804627649787
hotell_rest_i,2017,75.1802810521168
hotell_rest_i,2018,72.8205562621498
hotell_rest_i,2019,70.9133553432138
hotell_rest_i,2020,66.075638814507
hotell_rest_i,2021,66.3592444256443
hotell_rest_i,2022,60.2891612334595
hotell_rest_i,2023,
hushall_hh,2000,
hushall_hh,2001,
hushall_hh,2002,
hushall_hh,2003,
hushall_hh,2004,
hushall_hh,2005,
hushall_hh,2006,
hushall_hh,2007,
hushall_hh,2008,10900.5687907235
hushall_hh,2009,10859.1022620119
hushall_hh,2010,10671.5538450475
hushall_hh,2011,9956.17981337374
hushall_hh,2012,9578.35272430033
hushall_hh,2013,9491.28064124093
hushall_hh,2014,9403.42744640196
hushall_hh,2015,9561.61417626095
hushall_hh,2016,9302.73621234424
hushall_hh,2017,9164.53306560913
hushall_hh,2018,8820.80455177305
hushall_hh,2019,8545.33908817541
hushall_hh,2020,7969.91616564603
hushall_hh,2021,7995.2923666238
hushall_hh,2022,7112.91388537238
hushall_hh,2023,
halso,2000,
halso,2001,
halso,2002,
halso,2003,
halso,2004,
halso,2005,
halso,2006,
halso,2007,
halso,2008,105.438875083631
halso,2009,104.479105924263
halso,2010,103.057138151829
halso,2011,98.7168838561582
halso,2012,98.2253878166324
halso,2013,90.4626140438674
halso,2014,83.7515896660966
halso,2015,82.194423964696
halso,2016,79.0949147465472
halso,2017,74.5860364024341
halso,2018,71.753800593276
halso,2019,70.3694735222066
halso,2020,64.4851297793313
halso,2021,61.9126688242704
halso,2022,54.2113239323316
halso,2023,
icke_met_andra,2000,
icke_met_andra,2001,
icke_met_andra,2002,
icke_met_andra,2003,
icke_met_andra,2004,
icke_met_andra,2005,
icke_met_andra,2006,
icke_met_andra,2007,
icke_met_andra,2008,3460.64895477925
icke_met_andra,2009,2936.11999727691
icke_met_andra,2010,3332.32480740643
icke_met_andra,2011,3417.28477233201
icke_met_andra,2012,3457.66917983794
icke_met_andra,2013,3150.22939759305
icke_met_andra,2014,3093.55098208757
icke_met_andra,2015,3248.07296093275
icke_met_andra,2016,3329.91739548724
icke_met_andra,2017,3296.73680716688
icke_met_andra,2018,3374.66102836209
icke_met_andra,2019,2924.4048641088
icke_met_andra,2020,2754.41189691683
icke_met_andra,2021,2746.02597766002
icke_met_andra,2022,2641.1224352013
icke_met_andra,2023,
datorer_elek,2000,
datorer_elek,2001,
datorer_elek,2002,
datorer_elek,2003,
datorer_elek,2004,
datorer_elek,2005,
datorer_elek,2006,
datorer_elek,2007,
datorer_elek,2008,26.4985384393442
datorer_elek,2009,21.0767687356741
datorer_elek,2010,20.3199306124903
datorer_elek,2011,18.7420556102835
datorer_elek,2012,18.3827886776043
datorer_elek,2013,16.5489624659931
datorer_elek,2014,13.8639857900388
datorer_elek,2015,11.7003150462063
datorer_elek,2016,11.7217860604063
datorer_elek,2017,10.3235855216503
datorer_elek,2018,10.0844811194191
datorer_elek,2019,9.64953752401777
datorer_elek,2020,9.58951500654948
datorer_elek,2021,9.40929845513183
datorer_elek,2022,8.84725811611399
datorer_elek,2023,
elapparatur,2000,
elapparatur,2001,
elapparatur,2002,
elapparatur,2003,
elapparatur,2004,
elapparatur,2005,
elapparatur,2006,
elapparatur,2007,
elapparatur,2008,40.1943728320969
elapparatur,2009,37.903375522248
elapparatur,2010,56.262741518491
elapparatur,2011,35.407515457126
elapparatur,2012,31.7663192018735
elapparatur,2013,31.0532457274595
elapparatur,2014,28.0410668530215
elapparatur,2015,25.3346878727191
elapparatur,2016,26.5214052920376
elapparatur,2017,24.7582217694073
elapparatur,2018,23.4063285411743
elapparatur,2019,21.7040320338459
elapparatur,2020,18.0014679810777
elapparatur,2021,18.533809435411
elapparatur,2022,17.4385316358993
elapparatur,2023,
industri_for_met,2000,
industri_for_met,2001,
industri_for_met,2002,
industri_for_met,2003,
industri_for_met,2004,
industri_for_met,2005,
industri_for_met,2006,
industri_for_met,2007,
industri_for_met,2008,259.277696042342
industri_for_met,2009,234.244498244049
industri_for_met,2010,244.544914056194
industri_for_met,2011,214.328612836048
industri_for_met,2012,218.007448636278
industri_for_met,2013,207.406428127498
industri_for_met,2014,201.558750675706
industri_for_met,2015,185.764847008136
industri_for_met,2016,176.406715997654
industri_for_met,2017,184.461742482505
industri_for_met,2018,169.484639236411
industri_for_met,2019,171.129274740162
industri_for_met,2020,141.500016531623
industri_for_met,2021,142.079311534619
industri_for_met,2022,129.465151742161
industri_for_met,2023,
industri_for_mot,2000,
industri_for_mot,2001,
industri_for_mot,2002,
industri_for_mot,2003,
industri_for_mot,2004,
industri_for_mot,2005,
industri_for_mot,2006,
industri_for_mot,2007,
industri_for_mot,2008,257.668893728814
industri_for_mot,2009,203.976519333736
industri_for_mot,2010,237.090078754596
industri_for_mot,2011,216.290291488539
industri_for_mot,2012,213.528448549881
industri_for_mot,2013,220.745901325516
industri_for_mot,2014,178.648605711593
industri_for_mot,2015,182.640733574038
industri_for_mot,2016,152.326194003797
industri_for_mot,2017,180.715153634253
industri_for_mot,2018,185.423123196812
industri_for_mot,2019,172.477862674536
industri_for_mot,2020,136.733396987917
industri_for_mot,2021,147.080492135574
industri_for_mot,2022,124.914722097295
industri_for_mot,2023,
industri_for_sten,2000,
industri_for_sten,2001,
industri_for_sten,2002,
industri_for_sten,2003,
industri_for_sten,2004,
industri_for_sten,2005,
industri_for_sten,2006,
industri_for_sten,2007,
industri_for_sten,2008,3074.97298792024
industri_for_sten,2009,3051.53656381721
industri_for_sten,2010,2999.17490007542
industri_for_sten,2011,2881.79589247979
industri_for_sten,2012,3058.98196601876
industri_for_sten,2013,2644.72845754497
industri_for_sten,2014,2837.56299590765
industri_for_sten,2015,2909.36526222125
industri_for_sten,2016,2847.06121542979
industri_for_sten,2017,2928.48911870662
industri_for_sten,2018,3069.58153760619
industri_for_sten,2019,2461.09721605085
industri_for_sten,2020,2360.68124325793
industri_for_sten,2021,2798.20547764359
industri_for_sten,2022,2702.75060726237
industri_for_sten,2023,
industri_for_tra,2000,
industri_for_tra,2001,
industri_for_tra,2002,
industri_for_tra,2003,
industri_for_tra,2004,
industri_for_tra,2005,
industri_for_tra,2006,
industri_for_tra,2007,
industri_for_tra,2008,222.716864434273
industri_for_tra,2009,215.103959449547
industri_for_tra,2010,223.771487466321
industri_for_tra,2011,220.508216104482
industri_for_tra,2012,201.345898357228
industri_for_tra,2013,184.624679236909
industri_for_tra,2014,174.532626649409
industri_for_tra,2015,178.458189499224
industri_for_tra,2016,250.839259937054
industri_for_tra,2017,259.454111416771
industri_for_tra,2018,274.018784639622
industri_for_tra,2019,272.807483161428
industri_for_tra,2020,267.83995962058
industri_for_tra,2021,272.522738058385
industri_for_tra,2022,258.838235718379
industri_for_tra,2023,
jordbruksforetag_serv,2000,
jordbruksforetag_serv,2001,
jordbruksforetag_serv,2002,
jordbruksforetag_serv,2003,
jordbruksforetag_serv,2004,
jordbruksforetag_serv,2005,
jordbruksforetag_serv,2006,
jordbruksforetag_serv,2007,
jordbruksforetag_serv,2008,1328.51869166936
jordbruksforetag_serv,2009,1279.75803149042
jordbruksforetag_serv,2010,1418.16360715724
jordbruksforetag_serv,2011,1387.89654901418
jordbruksforetag_serv,2012,1377.05195180128
jordbruksforetag_serv,2013,1341.81911739542
jordbruksforetag_serv,2014,1255.96579959137
jordbruksforetag_serv,2015,1238.98587847318
jordbruksforetag_serv,2016,1189.00339876311
jordbruksforetag_serv,2017,1158.69110443832
jordbruksforetag_serv,2018,1026.71477461291
jordbruksforetag_serv,2019,1040.25604567518
jordbruksforetag_serv,2020,991.100420520859
jordbruksforetag_serv,2021,996.493894252465
jordbruksforetag_serv,2022,886.233635428493
jordbruksforetag_serv,2023,
juridisk_ek,2000,
juridisk_ek,2001,
juridisk_ek,2002,
juridisk_ek,2003,
juridisk_ek,2004,
juridisk_ek,2005,
juridisk_ek,2006,
juridisk_ek,2007,
juridisk_ek,2008,296.642312214945
juridisk_ek,2009,282.498615637186
juridisk_ek,2010,277.285867905395
juridisk_ek,2011,280.49024289748
juridisk_ek,2012,253.554251323707
juridisk_ek,2013,245.1307555702
juridisk_ek,2014,237.149804520229
juridisk_ek,2015,230.345328221161
juridisk_ek,2016,215.432033188226
juridisk_ek,2017,203.623304528573
juridisk_ek,2018,195.436481251113
juridisk_ek,2019,197.496494922076
juridisk_ek,2020,180.574649290384
juridisk_ek,2021,139.217959610944
juridisk_ek,2022,122.401207899149
juridisk_ek,2023,
kultur_noje,2000,
kultur_noje,2001,
kultur_noje,2002,
kultur_noje,2003,
kultur_noje,2004,
kultur_noje,2005,
kultur_noje,2006,
kultur_noje,2007,
kultur_noje,2008,167.82611598304
kultur_noje,2009,167.086603732573
kultur_noje,2010,171.256075383616
kultur_noje,2011,171.5433639314
kultur_noje,2012,167.638334627046
kultur_noje,2013,158.923892992522
kultur_noje,2014,154.710942104571
kultur_noje,2015,154.31466637203
kultur_noje,2016,146.082212191929
kultur_noje,2017,144.255614529072
kultur_noje,2018,137.147813014143
kultur_noje,2019,140.72986218662
kultur_noje,2020,132.672702343555
kultur_noje,2021,131.886539286344
kultur_noje,2022,124.470198674647
kultur_noje,2023,
landtransportforetag_rort,2000,
landtransportforetag_rort,2001,
landtransportforetag_rort,2002,
landtransportforetag_rort,2003,
landtransportforetag_rort,2004,
landtransportforetag_rort,2005,
landtransportforetag_rort,2006,
landtransportforetag_rort,2007,
landtransportforetag_rort,2008,3516.73230347963
landtransportforetag_rort,2009,3196.10980199428
landtransportforetag_rort,2010,3290.57727931895
landtransportforetag_rort,2011,3212.59195179156
landtransportforetag_rort,2012,2865.80188185698
landtransportforetag_rort,2013,2625.39494706347
landtransportforetag_rort,2014,2520.15492341022
landtransportforetag_rort,2015,2316.88955333939
landtransportforetag_rort,2016,2061.91030111767
landtransportforetag_rort,2017,1936.99619848187
landtransportforetag_rort,2018,1805.57862156859
landtransportforetag_rort,2019,1757.59271883851
landtransportforetag_rort,2020,1619.25732270854
landtransportforetag_rort,2021,1672.23451453989
landtransportforetag_rort,2022,1461.80553964817
landtransportforetag_rort,2023,
livsmedel_dryck_tob,2000,
livsmedel_dryck_tob,2001,
livsmedel_dryck_tob,2002,
livsmedel_dryck_tob,2003,
livsmedel_dryck_tob,2004,
livsmedel_dryck_tob,2005,
livsmedel_dryck_tob,2006,
livsmedel_dryck_tob,2007,
livsmedel_dryck_tob,2008,635.828768533467
livsmedel_dryck_tob,2009,649.255132505419
livsmedel_dryck_tob,2010,619.212119891737
livsmedel_dryck_tob,2011,615.247892890583
livsmedel_dryck_tob,2012,587.604097418213
livsmedel_dryck_tob,2013,546.740205573567
livsmedel_dryck_tob,2014,514.14404679302
livsmedel_dryck_tob,2015,442.048384332081
livsmedel_dryck_tob,2016,452.050955004508
livsmedel_dryck_tob,2017,422.95864893753
livsmedel_dryck_tob,2018,396.134733711266
livsmedel_dryck_tob,2019,378.064330651912
livsmedel_dryck_tob,2020,365.268592890217
livsmedel_dryck_tob,2021,309.160253557271
livsmedel_dryck_tob,2022,287.153442470177
livsmedel_dryck_tob,2023,
magasinering,2000,
magasinering,2001,
magasinering,2002,
magasinering,2003,
magasinering,2004,
magasinering,2005,
magasinering,2006,
magasinering,2007,
magasinering,2008,700.353748788848
magasinering,2009,737.495620769796
magasinering,2010,696.947807992628
magasinering,2011,696.884315375034
magasinering,2012,649.601228140094
magasinering,2013,630.121859644912
magasinering,2014,627.823963141745
magasinering,2015,637.105198337738
magasinering,2016,574.48582576539
magasinering,2017,562.807769944765
magasinering,2018,539.392567948084
magasinering,2019,567.882791366934
magasinering,2020,559.412843384645
magasinering,2021,594.852122300806
magasinering,2022,553.948320422338
magasinering,2023,
massa_papp_graf,2000,
massa_papp_graf,2001,
massa_papp_graf,2002,
massa_papp_graf,2003,
massa_papp_graf,2004,
massa_papp_graf,2005,
massa_papp_graf,2006,
massa_papp_graf,2007,
massa_papp_graf,2008,1736.95723805308
massa_papp_graf,2009,1433.1766020029
massa_papp_graf,2010,1493.83633872952
massa_papp_graf,2011,1352.96144365678
massa_papp_graf,2012,1245.1897544768
massa_papp_graf,2013,1007.15390965198
massa_papp_graf,2014,849.532134113275
massa_papp_graf,2015,782.553972829627
massa_papp_graf,2016,916.22452217614
massa_papp_graf,2017,894.676038876244
massa_papp_graf,2018,959.363135903604
massa_papp_graf,2019,897.295179024197
massa_papp_graf,2020,832.449707708215
massa_papp_graf,2021,859.944990991592
massa_papp_graf,2022,767.978644861172
massa_papp_graf,2023,
offentlig_forv,2000,
offentlig_forv,2001,
offentlig_forv,2002,
offentlig_forv,2003,
offentlig_forv,2004,
offentlig_forv,2005,
offentlig_forv,2006,
offentlig_forv,2007,
offentlig_forv,2008,213.147405553402
offentlig_forv,2009,191.580467772202
offentlig_forv,2010,208.358517935382
offentlig_forv,2011,171.105068954623
offentlig_forv,2012,175.94196984434
offentlig_forv,2013,138.59617247078
offentlig_forv,2014,128.71669516853
offentlig_forv,2015,128.711121517457
offentlig_forv,2016,126.896615560307
offentlig_forv,2017,121.457628357934
offentlig_forv,2018,120.764147935583
offentlig_forv,2019,138.733768485223
offentlig_forv,2020,138.128835012943
offentlig_forv,2021,137.145261479605
offentlig_forv,2022,131.312662433976
offentlig_forv,2023,
rederier,2000,
rederier,2001,
rederier,2002,
rederier,2003,
rederier,2004,
rederier,2005,
rederier,2006,
rederier,2007,
rederier,2008,4274.38359731138
rederier,2009,3735.64679771887
rederier,2010,3765.56327532162
rederier,2011,2445.03167797599
rederier,2012,1815.25642722395
rederier,2013,2212.61721190693
rederier,2014,2334.34910866402
rederier,2015,3051.81036878098
rederier,2016,3659.56961206705
rederier,2017,3152.48484503613
rederier,2018,3325.39980324691
rederier,2019,3327.5693993618
rederier,2020,2765.89769257731
rederier,2021,2798.35890149612
rederier,2022,3025.29188052083
rederier,2023,
reklam_und,2000,
reklam_und,2001,
reklam_und,2002,
reklam_und,2003,
reklam_und,2004,
reklam_und,2005,
reklam_und,2006,
reklam_und,2007,
reklam_und,2008,88.4828655471114
reklam_und,2009,88.5940855123533
reklam_und,2010,85.8825907780286
reklam_und,2011,86.8646089900701
reklam_und,2012,80.0014375171021
reklam_und,2013,76.0751054156905
reklam_und,2014,73.8900950075609
reklam_und,2015,74.0112224647371
reklam_und,2016,69.7630490112056
reklam_und,2017,67.343323131179
reklam_und,2018,65.9687655925878
reklam_und,2019,63.4365432556686
reklam_und,2020,58.3454642323325
reklam_und,2021,56.4706214112705
reklam_und,2022,48.7888929034383
reklam_und,2023,
reparationsverkstader,2000,
reparationsverkstader,2001,
reparationsverkstader,2002,
reparationsverkstader,2003,
reparationsverkstader,2004,
reparationsverkstader,2005,
reparationsverkstader,2006,
reparationsverkstader,2007,
reparationsverkstader,2008,74.3923463318123
reparationsverkstader,2009,71.7135875416796
reparationsverkstader,2010,78.7152876756168
reparationsverkstader,2011,78.4620969084932
reparationsverkstader,2012,80.0103595866391
reparationsverkstader,2013,79.5942810193987
reparationsverkstader,2014,73.8949498403893
reparationsverkstader,2015,70.7161262604878
reparationsverkstader,2016,72.8716335995699
reparationsverkstader,2017,70.6219929969844
reparationsverkstader,2018,69.4943785171643
reparationsverkstader,2019,68.0452405575194
reparationsverkstader,2020,70.0038891077344
reparationsverkstader,2021,70.6938657497043
reparationsverkstader,2022,65.682626522847
reparationsverkstader,2023,
serviceforetag_fin,2000,
serviceforetag_fin,2001,
serviceforetag_fin,2002,
serviceforetag_fin,2003,
serviceforetag_fin,2004,
serviceforetag_fin,2005,
serviceforetag_fin,2006,
serviceforetag_fin,2007,
serviceforetag_fin,2008,18.6961461932362
serviceforetag_fin,2009,27.497892935224
serviceforetag_fin,2010,11.3679521132022
serviceforetag_fin,2011,9.27257910704418
serviceforetag_fin,2012,9.05902824129014
serviceforetag_fin,2013,8.62825284259397
serviceforetag_fin,2014,8.29246092351435
serviceforetag_fin,2015,8.49109300639427
serviceforetag_fin,2016,7.84856008559561
serviceforetag_fin,2017,7.60265793736937
serviceforetag_fin,2018,6.95098254531013
serviceforetag_fin,2019,6.75830805090517
serviceforetag_fin,2020,6.34618549259995
serviceforetag_fin,2021,5.76569846403809
serviceforetag_fin,2022,5.17482723163949
serviceforetag_fin,2023,
skogsbruksforetag,2000,
skogsbruksforetag,2001,
skogsbruksforetag,2002,
skogsbruksforetag,2003,
skogsbruksforetag,2004,
skogsbruksforetag,2005,
skogsbruksforetag,2006,
skogsbruksforetag,2007,
skogsbruksforetag,2008,1028.88292134195
skogsbruksforetag,2009,1007.65418220204
skogsbruksforetag,2010,1028.89188191755
skogsbruksforetag,2011,1080.06180000506
skogsbruksforetag,2012,1036.37145860915
skogsbruksforetag,2013,976.099735449971
skogsbruksforetag,2014,951.022038961514
skogsbruksforetag,2015,941.604364856575
skogsbruksforetag,2016,871.539354571918
skogsbruksforetag,2017,845.211880124442
skogsbruksforetag,2018,792.07977632988
skogsbruksforetag,2019,813.888587355261
skogsbruksforetag,2020,787.785185898491
skogsbruksforetag,2021,775.058530071
skogsbruksforetag,2022,663.281863481069
skogsbruksforetag,2023,
metaller,2000,
metaller,2001,
metaller,2002,
metaller,2003,
metaller,2004,
metaller,2005,
metaller,2006,
metaller,2007,
metaller,2008,5600.22187720196
metaller,2009,3318.41113302618
metaller,2010,5468.76983065397
metaller,2011,5078.1155711664
metaller,2012,4389.53417629677
metaller,2013,4501.86950437809
metaller,2014,4541.72764485675
metaller,2015,4812.72826317961
metaller,2016,4810.69920475036
metaller,2017,4622.34816796643
metaller,2018,4408.66814091627
metaller,2019,5625.76449976358
metaller,2020,4364.36809943837
metaller,2021,4742.70426417228
metaller,2022,4960.99892247535
metaller,2023,
telekommunikation_j,2000,
telekommunikation_j,2001,
telekommunikation_j,2002,
telekommunikation_j,2003,
telekommunikation_j,2004,
telekommunikation_j,2005,
telekommunikation_j,2006,
telekommunikation_j,2007,
telekommunikation_j,2008,38.8212473271078
telekommunikation_j,2009,32.7504415135948
telekommunikation_j,2010,31.5620736007327
telekommunikation_j,2011,32.2916679748709
telekommunikation_j,2012,25.5792410760578
telekommunikation_j,2013,24.5451405691282
telekommunikation_j,2014,23.5919520283711
telekommunikation_j,2015,21.1449900845171
telekommunikation_j,2016,20.3561224864466
telekommunikation_j,2017,18.566654010252
telekommunikation_j,2018,18.4521726426653
telekommunikation_j,2019,17.9093242469162
telekommunikation_j,2020,17.4810308371004
telekommunikation_j,2021,17.3427705180611
telekommunikation_j,2022,15.9018481257007
telekommunikation_j,2023,
industri_for_bas,2000,
industri_for_bas,2001,
industri_for_bas,2002,
industri_for_bas,2003,
industri_for_bas,2004,
industri_for_bas,2005,
industri_for_bas,2006,
industri_for_bas,2007,
industri_for_bas,2008,1267.51616507386
industri_for_bas,2009,1100.55710544355
industri_for_bas,2010,1338.36776936283
industri_for_bas,2011,1269.45055638658
industri_for_bas,2012,1245.58430356858
industri_for_bas,2013,1264.46845015313
industri_for_bas,2014,1180.35858206908
industri_for_bas,2015,1172.66225971383
industri_for_bas,2016,1213.7890026078
industri_for_bas,2017,1214.27926327956
industri_for_bas,2018,1223.46412187841
industri_for_bas,2019,1197.71833722394
industri_for_bas,2020,905.827560200079
industri_for_bas,2021,1294.64460705918
industri_for_bas,2022,1094.77093534225
industri_for_bas,2023,
tillverkning_mob,2000,
tillverkning_mob,2001,
tillverkning_mob,2002,
tillverkning_mob,2003,
tillverkning_mob,2004,
tillverkning_mob,2005,
tillverkning_mob,2006,
tillverkning_mob,2007,
tillverkning_mob,2008,72.6291748554137
tillverkning_mob,2009,60.4241199939229
tillverkning_mob,2010,66.4104811412411
tillverkning_mob,2011,63.2326045010651
tillverkning_mob,2012,60.4193913747894
tillverkning_mob,2013,61.2404913320237
tillverkning_mob,2014,55.0042189179542
tillverkning_mob,2015,49.5088225231227
tillverkning_mob,2016,45.8977233240631
tillverkning_mob,2017,43.1346202504159
tillverkning_mob,2018,38.3603494550385
tillverkning_mob,2019,39.8877867681721
tillverkning_mob,2020,36.1603446496327
tillverkning_mob,2021,41.9484922753168
tillverkning_mob,2022,35.4566426873302
tillverkning_mob,2023,
tillverkning_avt,2000,
tillverkning_avt,2001,
tillverkning_avt,2002,
tillverkning_avt,2003,
tillverkning_avt,2004,
tillverkning_avt,2005,
tillverkning_avt,2006,
tillverkning_avt,2007,
tillverkning_avt,2008,53.6984949411372
tillverkning_avt,2009,48.7741823373257
tillverkning_avt,2010,49.606553489996
tillverkning_avt,2011,44.8187227032211
tillverkning_avt,2012,41.5470277333326
tillverkning_avt,2013,38.494895001308
tillverkning_avt,2014,33.8965774106785
tillverkning_avt,2015,29.625793028986
tillverkning_avt,2016,28.4689123979255
tillverkning_avt,2017,26.0636792344329
tillverkning_avt,2018,20.8738085414147
tillverkning_avt,2019,20.3607055481753
tillverkning_avt,2020,18.323323002328
tillverkning_avt,2021,17.8240466883461
tillverkning_avt,2022,19.4092772358688
tillverkning_avt,2023,
totalt_tota,2000,
totalt_tota,2001,
totalt_tota,2002,
totalt_tota,2003,
totalt_tota,2004,
totalt_tota,2005,
totalt_tota,2006,
totalt_tota,2007,
totalt_tota,2008,45208.6060425776
totalt_tota,2009,40434.6259405697
totalt_tota,2010,46632.5079375564
totalt_tota,2011,42446.5485718152
totalt_tota,2012,39673.3552512226
totalt_tota,2013,38474.5286573439
totalt_tota,2014,37062.2142346134
totalt_tota,2015,37544.0458652512
totalt_tota,2016,38828.5405596927
totalt_tota,2017,37409.4419737858
totalt_tota,2018,37257.6684703814
totalt_tota,2019,36222.0376348885
totalt_tota,2020,31319.5269536957
totalt_tota,2021,33666.297750675
totalt_tota,2022,32899.4795600998
totalt_tota,2023,
totalt_hio,2000,
totalt_hio,2001,
totalt_hio,2002,
totalt_hio,2003,
totalt_hio,2004,
totalt_hio,2005,
totalt_hio,2006,
totalt_hio,2007,
totalt_hio,2008,56109.1748333011
totalt_hio,2009,51293.7282025816
totalt_hio,2010,57304.0617826039
totalt_hio,2011,52402.7283851889
totalt_hio,2012,49251.7079755229
totalt_hio,2013,47965.8092985848
totalt_hio,2014,46465.6416810154
totalt_hio,2015,47105.6600415122
totalt_hio,2016,48131.2767720369
totalt_hio,2017,46573.9750393949
totalt_hio,2018,46078.4730221545
totalt_hio,2019,44767.3767230639
totalt_hio,2020,39289.4431193417
totalt_hio,2021,41661.5901172988
totalt_hio,2022,40012.3934454722
totalt_hio,2023,
utbildning,2000,
utbildning,2001,
utbildning,2002,
utbildning,2003,
utbildning,2004,
utbildning,2005,
utbildning,2006,
utbildning,2007,
utbildning,2008,135.317055850269
utbildning,2009,140.729825354418
utbildning,2010,145.446816262503
utbildning,2011,130.571597276607
utbildning,2012,127.562337670245
utbildning,2013,121.852058794927
utbildning,2014,111.851767047003
utbildning,2015,112.287891277653
utbildning,2016,105.858357936033
utbildning,2017,99.5346221280766
utbildning,2018,99.4501841350463
utbildning,2019,104.500853896694
utbildning,2020,91.1825796579423
utbildning,2021,87.6573254256988
utbildning,2022,78.7188433540991
utbildning,2023,
uthyrningsfirmor,2000,
uthyrningsfirmor,2001,
uthyrningsfirmor,2002,
uthyrningsfirmor,2003,
uthyrningsfirmor,2004,
uthyrningsfirmor,2005,
uthyrningsfirmor,2006,
uthyrningsfirmor,2007,
uthyrningsfirmor,2008,209.874212985398
uthyrningsfirmor,2009,230.832958341508
uthyrningsfirmor,2010,254.111940361525
uthyrningsfirmor,2011,260.261353355269
uthyrningsfirmor,2012,248.766741963302
uthyrningsfirmor,2013,279.569085870336
uthyrningsfirmor,2014,228.641039184236
uthyrningsfirmor,2015,239.06556798421
uthyrningsfirmor,2016,240.319850475527
uthyrningsfirmor,2017,233.797130394252
uthyrningsfirmor,2018,250.772050564164
uthyrningsfirmor,2019,259.880759706794
uthyrningsfirmor,2020,239.217810628194
uthyrningsfirmor,2021,249.355337075335
uthyrningsfirmor,2022,235.979215701366
uthyrningsfirmor,2023,
utvinning_min,2000,
utvinning_min,2001,
utvinning_min,2002,
utvinning_min,2003,
utvinning_min,2004,
utvinning_min,2005,
utvinning_min,2006,
utvinning_min,2007,
utvinning_min,2008,771.530147254892
utvinning_min,2009,636.589163533736
utvinning_min,2010,871.844272241182
utvinning_min,2011,879.537759888958
utvinning_min,2012,906.402244057799
utvinning_min,2013,891.158994894545
utvinning_min,2014,933.330610217692
utvinning_min,2015,911.991087729901
utvinning_min,2016,909.200967717912
utvinning_min,2017,922.024072375047
utvinning_min,2018,875.589014488264
utvinning_min,2019,888.341652380241
utvinning_min,2020,898.154792638948
utvinning_min,2021,875.417884699816
utvinning_min,2022,814.236118878863
utvinning_min,2023,
vard,2000,
vard,2001,
vard,2002,
vard,2003,
vard,2004,
vard,2005,
vard,2006,
vard,2007,
vard,2008,228.847642573676
vard,2009,223.810932967786
vard,2010,231.222987660973
vard,2011,234.05468860648
vard,2012,231.392253102018
vard,2013,221.565035984789
vard,2014,218.059682127871
vard,2015,216.878828709784
vard,2016,213.247126092231
vard,2017,208.369186630782
vard,2018,200.279413491998
vard,2019,197.89313655309
vard,2020,195.717989903977
vard,2021,195.880901918125
vard,2022,177.976640010978
vard,2023,
ovrig_mask,2000,
ovrig_mask,2001,
ovrig_mask,2002,
ovrig_mask,2003,
ovrig_mask,2004,
ovrig_mask,2005,
ovrig_mask,2006,
ovrig_mask,2007,
ovrig_mask,2008,185.093712336608
ovrig_mask,2009,141.411432936926
ovrig_mask,2010,153.727116183894
ovrig_mask,2011,130.253042630844
ovrig_mask,2012,127.290832052086
ovrig_mask,2013,122.124163888464
ovrig_mask,2014,128.536719330151
ovrig_mask,2015,131.592618828454
ovrig_mask,2016,135.249232682399
ovrig_mask,2017,132.685841393985
ovrig_mask,2018,124.368096360029
ovrig_mask,2019,112.137740051154
ovrig_mask,2020,96.54430152902
ovrig_mask,2021,110.620818079944
ovrig_mask,2022,100.421744913713
ovrig_mask,2023,
