sni_id,year,utsl_ghg
annan_serv,2000,
annan_serv,2001,
annan_serv,2002,
annan_serv,2003,
annan_serv,2004,
annan_serv,2005,
annan_serv,2006,
annan_serv,2007,
annan_serv,2008,136
annan_serv,2009,130
annan_serv,2010,140
annan_serv,2011,145
annan_serv,2012,127
annan_serv,2013,122
annan_serv,2014,123
annan_serv,2015,119
annan_serv,2016,116
annan_serv,2017,109
annan_serv,2018,106
annan_serv,2019,103
annan_serv,2020,98
annan_serv,2021,95
annan_serv,2022,87
annan_serv,2023,
andra_tran,2000,
andra_tran,2001,
andra_tran,2002,
andra_tran,2003,
andra_tran,2004,
andra_tran,2005,
andra_tran,2006,
andra_tran,2007,
andra_tran,2008,33
andra_tran,2009,26
andra_tran,2010,28
andra_tran,2011,25
andra_tran,2012,19
andra_tran,2013,19
andra_tran,2014,17
andra_tran,2015,17
andra_tran,2016,20
andra_tran,2017,17
andra_tran,2018,16
andra_tran,2019,17
andra_tran,2020,20
andra_tran,2021,14
andra_tran,2022,11
andra_tran,2023,
arbetsformedling_rese,2000,
arbetsformedling_rese,2001,
arbetsformedling_rese,2002,
arbetsformedling_rese,2003,
arbetsformedling_rese,2004,
arbetsformedling_rese,2005,
arbetsformedling_rese,2006,
arbetsformedling_rese,2007,
arbetsformedling_rese,2008,227
arbetsformedling_rese,2009,222
arbetsformedling_rese,2010,249
arbetsformedling_rese,2011,262
arbetsformedling_rese,2012,245
arbetsformedling_rese,2013,247
arbetsformedling_rese,2014,236
arbetsformedling_rese,2015,238
arbetsformedling_rese,2016,225
arbetsformedling_rese,2017,225
arbetsformedling_rese,2018,222
arbetsformedling_rese,2019,225
arbetsformedling_rese,2020,219
arbetsformedling_rese,2021,221
arbetsformedling_rese,2022,200
arbetsformedling_rese,2023,
arkitekt_tekn,2000,
arkitekt_tekn,2001,
arkitekt_tekn,2002,
arkitekt_tekn,2003,
arkitekt_tekn,2004,
arkitekt_tekn,2005,
arkitekt_tekn,2006,
arkitekt_tekn,2007,
arkitekt_tekn,2008,156
arkitekt_tekn,2009,157
arkitekt_tekn,2010,157
arkitekt_tekn,2011,157
arkitekt_tekn,2012,148
arkitekt_tekn,2013,145
arkitekt_tekn,2014,137
arkitekt_tekn,2015,139
arkitekt_tekn,2016,132
arkitekt_tekn,2017,131
arkitekt_tekn,2018,130
arkitekt_tekn,2019,129
arkitekt_tekn,2020,123
arkitekt_tekn,2021,116
arkitekt_tekn,2022,101
arkitekt_tekn,2023,
vattenforsorjning_avlo,2000,
vattenforsorjning_avlo,2001,
vattenforsorjning_avlo,2002,
vattenforsorjning_avlo,2003,
vattenforsorjning_avlo,2004,
vattenforsorjning_avlo,2005,
vattenforsorjning_avlo,2006,
vattenforsorjning_avlo,2007,
vattenforsorjning_avlo,2008,2591
vattenforsorjning_avlo,2009,2497
vattenforsorjning_avlo,2010,2402
vattenforsorjning_avlo,2011,2301
vattenforsorjning_avlo,2012,2140
vattenforsorjning_avlo,2013,2021
vattenforsorjning_avlo,2014,1876
vattenforsorjning_avlo,2015,1761
vattenforsorjning_avlo,2016,1674
vattenforsorjning_avlo,2017,1601
vattenforsorjning_avlo,2018,1489
vattenforsorjning_avlo,2019,1368
vattenforsorjning_avlo,2020,1280
vattenforsorjning_avlo,2021,1235
vattenforsorjning_avlo,2022,1174
vattenforsorjning_avlo,2023,
banker,2000,
banker,2001,
banker,2002,
banker,2003,
banker,2004,
banker,2005,
banker,2006,
banker,2007,
banker,2008,45
banker,2009,39
banker,2010,65
banker,2011,64
banker,2012,71
banker,2013,67
banker,2014,64
banker,2015,68
banker,2016,67
banker,2017,70
banker,2018,67
banker,2019,67
banker,2020,64
banker,2021,91
banker,2022,86
banker,2023,
bygg,2000,
bygg,2001,
bygg,2002,
bygg,2003,
bygg,2004,
bygg,2005,
bygg,2006,
bygg,2007,
bygg,2008,1951
bygg,2009,1919
bygg,2010,2018
bygg,2011,2042
bygg,2012,1989
bygg,2013,1969
bygg,2014,1907
bygg,2015,1967
bygg,2016,1980
bygg,2017,1893
bygg,2018,1867
bygg,2019,1942
bygg,2020,1930
bygg,2021,2007
bygg,2022,1809
bygg,2023,
dataprogrammering_data,2000,
dataprogrammering_data,2001,
dataprogrammering_data,2002,
dataprogrammering_data,2003,
dataprogrammering_data,2004,
dataprogrammering_data,2005,
dataprogrammering_data,2006,
dataprogrammering_data,2007,
dataprogrammering_data,2008,93
dataprogrammering_data,2009,95
dataprogrammering_data,2010,86
dataprogrammering_data,2011,91
dataprogrammering_data,2012,82
dataprogrammering_data,2013,79
dataprogrammering_data,2014,73
dataprogrammering_data,2015,72
dataprogrammering_data,2016,68
dataprogrammering_data,2017,66
dataprogrammering_data,2018,65
dataprogrammering_data,2019,61
dataprogrammering_data,2020,54
dataprogrammering_data,2021,49
dataprogrammering_data,2022,41
dataprogrammering_data,2023,
el_gas,2000,
el_gas,2001,
el_gas,2002,
el_gas,2003,
el_gas,2004,
el_gas,2005,
el_gas,2006,
el_gas,2007,
el_gas,2008,7792
el_gas,2009,8122
el_gas,2010,10655
el_gas,2011,8419
el_gas,2012,7856
el_gas,2013,7626
el_gas,2014,6719
el_gas,2015,6401
el_gas,2016,6963
el_gas,2017,6559
el_gas,2018,6782
el_gas,2019,5673
el_gas,2020,5226
el_gas,2021,6085
el_gas,2022,5637
el_gas,2023,
fastighetsbolag_g,2000,
fastighetsbolag_g,2001,
fastighetsbolag_g,2002,
fastighetsbolag_g,2003,
fastighetsbolag_g,2004,
fastighetsbolag_g,2005,
fastighetsbolag_g,2006,
fastighetsbolag_g,2007,
fastighetsbolag_g,2008,277
fastighetsbolag_g,2009,270
fastighetsbolag_g,2010,308
fastighetsbolag_g,2011,254
fastighetsbolag_g,2012,225
fastighetsbolag_g,2013,203
fastighetsbolag_g,2014,212
fastighetsbolag_g,2015,204
fastighetsbolag_g,2016,200
fastighetsbolag_g,2017,188
fastighetsbolag_g,2018,183
fastighetsbolag_g,2019,182
fastighetsbolag_g,2020,169
fastighetsbolag_g,2021,166
fastighetsbolag_g,2022,152
fastighetsbolag_g,2023,
film_vide_j,2000,
film_vide_j,2001,
film_vide_j,2002,
film_vide_j,2003,
film_vide_j,2004,
film_vide_j,2005,
film_vide_j,2006,
film_vide_j,2007,
film_vide_j,2008,24
film_vide_j,2009,22
film_vide_j,2010,23
film_vide_j,2011,23
film_vide_j,2012,20
film_vide_j,2013,19
film_vide_j,2014,19
film_vide_j,2015,18
film_vide_j,2016,17
film_vide_j,2017,16
film_vide_j,2018,15
film_vide_j,2019,14
film_vide_j,2020,14
film_vide_j,2021,14
film_vide_j,2022,13
film_vide_j,2023,
fisk,2000,
fisk,2001,
fisk,2002,
fisk,2003,
fisk,2004,
fisk,2005,
fisk,2006,
fisk,2007,
fisk,2008,163
fisk,2009,149
fisk,2010,138
fisk,2011,127
fisk,2012,125
fisk,2013,122
fisk,2014,119
fisk,2015,115
fisk,2016,109
fisk,2017,102
fisk,2018,96
fisk,2019,91
fisk,2020,87
fisk,2021,89
fisk,2022,88
fisk,2023,
flygbolag,2000,
flygbolag,2001,
flygbolag,2002,
flygbolag,2003,
flygbolag,2004,
flygbolag,2005,
flygbolag,2006,
flygbolag,2007,
flygbolag,2008,2313
flygbolag,2009,1958
flygbolag,2010,1959
flygbolag,2011,2121
flygbolag,2012,2034
flygbolag,2013,2087
flygbolag,2014,2120
flygbolag,2015,2099
flygbolag,2016,2543
flygbolag,2017,2607
flygbolag,2018,2475
flygbolag,2019,2358
flygbolag,2020,908
flygbolag,2021,1084
flygbolag,2022,1846
flygbolag,2023,
forlag,2000,
forlag,2001,
forlag,2002,
forlag,2003,
forlag,2004,
forlag,2005,
forlag,2006,
forlag,2007,
forlag,2008,19
forlag,2009,19
forlag,2010,19
forlag,2011,17
forlag,2012,16
forlag,2013,15
forlag,2014,13
forlag,2015,12
forlag,2016,11
forlag,2017,10
forlag,2018,10
forlag,2019,9
forlag,2020,8
forlag,2021,7
forlag,2022,6
forlag,2023,
forsakrings,2000,
forsakrings,2001,
forsakrings,2002,
forsakrings,2003,
forsakrings,2004,
forsakrings,2005,
forsakrings,2006,
forsakrings,2007,
forsakrings,2008,13
forsakrings,2009,13
forsakrings,2010,18
forsakrings,2011,11
forsakrings,2012,10
forsakrings,2013,10
forsakrings,2014,10
forsakrings,2015,9
forsakrings,2016,9
forsakrings,2017,9
forsakrings,2018,7
forsakrings,2019,5
forsakrings,2020,5
forsakrings,2021,5
forsakrings,2022,4
forsakrings,2023,
grafisk,2000,
grafisk,2001,
grafisk,2002,
grafisk,2003,
grafisk,2004,
grafisk,2005,
grafisk,2006,
grafisk,2007,
grafisk,2008,43
grafisk,2009,34
grafisk,2010,30
grafisk,2011,30
grafisk,2012,28
grafisk,2013,25
grafisk,2014,23
grafisk,2015,21
grafisk,2016,17
grafisk,2017,18
grafisk,2018,17
grafisk,2019,17
grafisk,2020,14
grafisk,2021,13
grafisk,2022,11
grafisk,2023,
gummi,2000,
gummi,2001,
gummi,2002,
gummi,2003,
gummi,2004,
gummi,2005,
gummi,2006,
gummi,2007,
gummi,2008,127
gummi,2009,119
gummi,2010,137
gummi,2011,112
gummi,2012,98
gummi,2013,93
gummi,2014,90
gummi,2015,89
gummi,2016,87
gummi,2017,79
gummi,2018,76
gummi,2019,76
gummi,2020,79
gummi,2021,63
gummi,2022,59
gummi,2023,
hand_g,2000,
hand_g,2001,
hand_g,2002,
hand_g,2003,
hand_g,2004,
hand_g,2005,
hand_g,2006,
hand_g,2007,
hand_g,2008,2115
hand_g,2009,1925
hand_g,2010,2002
hand_g,2011,2066
hand_g,2012,1871
hand_g,2013,1856
hand_g,2014,1729
hand_g,2015,1728
hand_g,2016,1700
hand_g,2017,1650
hand_g,2018,1647
hand_g,2019,1672
hand_g,2020,1518
hand_g,2021,1481
hand_g,2022,1364
hand_g,2023,
hotell_rest_i,2000,
hotell_rest_i,2001,
hotell_rest_i,2002,
hotell_rest_i,2003,
hotell_rest_i,2004,
hotell_rest_i,2005,
hotell_rest_i,2006,
hotell_rest_i,2007,
hotell_rest_i,2008,87
hotell_rest_i,2009,87
hotell_rest_i,2010,92
hotell_rest_i,2011,86
hotell_rest_i,2012,81
hotell_rest_i,2013,81
hotell_rest_i,2014,79
hotell_rest_i,2015,80
hotell_rest_i,2016,78
hotell_rest_i,2017,77
hotell_rest_i,2018,74
hotell_rest_i,2019,72
hotell_rest_i,2020,67
hotell_rest_i,2021,68
hotell_rest_i,2022,61
hotell_rest_i,2023,
hushall,2000,
hushall,2001,
hushall,2002,
hushall,2003,
hushall,2004,
hushall,2005,
hushall,2006,
hushall,2007,
hushall,2008,22
hushall,2009,22
hushall,2010,23
hushall,2011,22
hushall,2012,22
hushall,2013,21
hushall,2014,21
hushall,2015,21
hushall,2016,19
hushall,2017,19
hushall,2018,18
hushall,2019,18
hushall,2020,16
hushall,2021,16
hushall,2022,14
hushall,2023,
halso,2000,
halso,2001,
halso,2002,
halso,2003,
halso,2004,
halso,2005,
halso,2006,
halso,2007,
halso,2008,163
halso,2009,152
halso,2010,163
halso,2011,141
halso,2012,137
halso,2013,121
halso,2014,125
halso,2015,127
halso,2016,115
halso,2017,150
halso,2018,122
halso,2019,116
halso,2020,110
halso,2021,105
halso,2022,97
halso,2023,
icke_met_andra,2000,
icke_met_andra,2001,
icke_met_andra,2002,
icke_met_andra,2003,
icke_met_andra,2004,
icke_met_andra,2005,
icke_met_andra,2006,
icke_met_andra,2007,
icke_met_andra,2008,3468
icke_met_andra,2009,2943
icke_met_andra,2010,3339
icke_met_andra,2011,3425
icke_met_andra,2012,3465
icke_met_andra,2013,3157
icke_met_andra,2014,3101
icke_met_andra,2015,3255
icke_met_andra,2016,3338
icke_met_andra,2017,3304
icke_met_andra,2018,3383
icke_met_andra,2019,2931
icke_met_andra,2020,2761
icke_met_andra,2021,2752
icke_met_andra,2022,2647
icke_met_andra,2023,
datorer_elek,2000,
datorer_elek,2001,
datorer_elek,2002,
datorer_elek,2003,
datorer_elek,2004,
datorer_elek,2005,
datorer_elek,2006,
datorer_elek,2007,
datorer_elek,2008,28
datorer_elek,2009,22
datorer_elek,2010,21
datorer_elek,2011,20
datorer_elek,2012,19
datorer_elek,2013,17
datorer_elek,2014,15
datorer_elek,2015,12
datorer_elek,2016,12
datorer_elek,2017,11
datorer_elek,2018,10
datorer_elek,2019,10
datorer_elek,2020,10
datorer_elek,2021,10
datorer_elek,2022,9
datorer_elek,2023,
elapparatur,2000,
elapparatur,2001,
elapparatur,2002,
elapparatur,2003,
elapparatur,2004,
elapparatur,2005,
elapparatur,2006,
elapparatur,2007,
elapparatur,2008,49
elapparatur,2009,60
elapparatur,2010,64
elapparatur,2011,41
elapparatur,2012,35
elapparatur,2013,34
elapparatur,2014,30
elapparatur,2015,33
elapparatur,2016,35
elapparatur,2017,28
elapparatur,2018,27
elapparatur,2019,25
elapparatur,2020,19
elapparatur,2021,21
elapparatur,2022,20
elapparatur,2023,
industri_for_met,2000,
industri_for_met,2001,
industri_for_met,2002,
industri_for_met,2003,
industri_for_met,2004,
industri_for_met,2005,
industri_for_met,2006,
industri_for_met,2007,
industri_for_met,2008,267
industri_for_met,2009,241
industri_for_met,2010,251
industri_for_met,2011,220
industri_for_met,2012,224
industri_for_met,2013,213
industri_for_met,2014,207
industri_for_met,2015,191
industri_for_met,2016,182
industri_for_met,2017,189
industri_for_met,2018,174
industri_for_met,2019,175
industri_for_met,2020,145
industri_for_met,2021,145
industri_for_met,2022,133
industri_for_met,2023,
industri_for_mot,2000,
industri_for_mot,2001,
industri_for_mot,2002,
industri_for_mot,2003,
industri_for_mot,2004,
industri_for_mot,2005,
industri_for_mot,2006,
industri_for_mot,2007,
industri_for_mot,2008,261
industri_for_mot,2009,207
industri_for_mot,2010,240
industri_for_mot,2011,219
industri_for_mot,2012,216
industri_for_mot,2013,223
industri_for_mot,2014,181
industri_for_mot,2015,185
industri_for_mot,2016,154
industri_for_mot,2017,183
industri_for_mot,2018,188
industri_for_mot,2019,174
industri_for_mot,2020,138
industri_for_mot,2021,148
industri_for_mot,2022,126
industri_for_mot,2023,
industri_for_sten,2000,
industri_for_sten,2001,
industri_for_sten,2002,
industri_for_sten,2003,
industri_for_sten,2004,
industri_for_sten,2005,
industri_for_sten,2006,
industri_for_sten,2007,
industri_for_sten,2008,3091
industri_for_sten,2009,3067
industri_for_sten,2010,3015
industri_for_sten,2011,2897
industri_for_sten,2012,3074
industri_for_sten,2013,2658
industri_for_sten,2014,2851
industri_for_sten,2015,2925
industri_for_sten,2016,2861
industri_for_sten,2017,2943
industri_for_sten,2018,3083
industri_for_sten,2019,2474
industri_for_sten,2020,2373
industri_for_sten,2021,2780
industri_for_sten,2022,2687
industri_for_sten,2023,
industri_for_tra,2000,
industri_for_tra,2001,
industri_for_tra,2002,
industri_for_tra,2003,
industri_for_tra,2004,
industri_for_tra,2005,
industri_for_tra,2006,
industri_for_tra,2007,
industri_for_tra,2008,255
industri_for_tra,2009,245
industri_for_tra,2010,255
industri_for_tra,2011,249
industri_for_tra,2012,231
industri_for_tra,2013,213
industri_for_tra,2014,204
industri_for_tra,2015,208
industri_for_tra,2016,280
industri_for_tra,2017,291
industri_for_tra,2018,302
industri_for_tra,2019,304
industri_for_tra,2020,296
industri_for_tra,2021,299
industri_for_tra,2022,286
industri_for_tra,2023,
internationella_org,2000,
internationella_org,2001,
internationella_org,2002,
internationella_org,2003,
internationella_org,2004,
internationella_org,2005,
internationella_org,2006,
internationella_org,2007,
internationella_org,2008,0
internationella_org,2009,0
internationella_org,2010,0
internationella_org,2011,0
internationella_org,2012,0
internationella_org,2013,0
internationella_org,2014,0
internationella_org,2015,0
internationella_org,2016,0
internationella_org,2017,0
internationella_org,2018,0
internationella_org,2019,0
internationella_org,2020,0
internationella_org,2021,0
internationella_org,2022,0
internationella_org,2023,
jordbruksforetag_serv,2000,
jordbruksforetag_serv,2001,
jordbruksforetag_serv,2002,
jordbruksforetag_serv,2003,
jordbruksforetag_serv,2004,
jordbruksforetag_serv,2005,
jordbruksforetag_serv,2006,
jordbruksforetag_serv,2007,
jordbruksforetag_serv,2008,7908
jordbruksforetag_serv,2009,7621
jordbruksforetag_serv,2010,7841
jordbruksforetag_serv,2011,7789
jordbruksforetag_serv,2012,7667
jordbruksforetag_serv,2013,7696
jordbruksforetag_serv,2014,7704
jordbruksforetag_serv,2015,7694
jordbruksforetag_serv,2016,7607
jordbruksforetag_serv,2017,7693
jordbruksforetag_serv,2018,7373
jordbruksforetag_serv,2019,7414
jordbruksforetag_serv,2020,7458
jordbruksforetag_serv,2021,7345
jordbruksforetag_serv,2022,7296
jordbruksforetag_serv,2023,
juridisk_ek,2000,
juridisk_ek,2001,
juridisk_ek,2002,
juridisk_ek,2003,
juridisk_ek,2004,
juridisk_ek,2005,
juridisk_ek,2006,
juridisk_ek,2007,
juridisk_ek,2008,306
juridisk_ek,2009,291
juridisk_ek,2010,285
juridisk_ek,2011,288
juridisk_ek,2012,261
juridisk_ek,2013,253
juridisk_ek,2014,245
juridisk_ek,2015,237
juridisk_ek,2016,222
juridisk_ek,2017,209
juridisk_ek,2018,200
juridisk_ek,2019,202
juridisk_ek,2020,184
juridisk_ek,2021,142
juridisk_ek,2022,125
juridisk_ek,2023,
kultur_noje,2000,
kultur_noje,2001,
kultur_noje,2002,
kultur_noje,2003,
kultur_noje,2004,
kultur_noje,2005,
kultur_noje,2006,
kultur_noje,2007,
kultur_noje,2008,148
kultur_noje,2009,148
kultur_noje,2010,151
kultur_noje,2011,157
kultur_noje,2012,150
kultur_noje,2013,147
kultur_noje,2014,144
kultur_noje,2015,144
kultur_noje,2016,136
kultur_noje,2017,135
kultur_noje,2018,128
kultur_noje,2019,129
kultur_noje,2020,121
kultur_noje,2021,120
kultur_noje,2022,107
kultur_noje,2023,
landtransportforetag_rort,2000,
landtransportforetag_rort,2001,
landtransportforetag_rort,2002,
landtransportforetag_rort,2003,
landtransportforetag_rort,2004,
landtransportforetag_rort,2005,
landtransportforetag_rort,2006,
landtransportforetag_rort,2007,
landtransportforetag_rort,2008,3585
landtransportforetag_rort,2009,3256
landtransportforetag_rort,2010,3359
landtransportforetag_rort,2011,3282
landtransportforetag_rort,2012,2933
landtransportforetag_rort,2013,2691
landtransportforetag_rort,2014,2585
landtransportforetag_rort,2015,2381
landtransportforetag_rort,2016,2124
landtransportforetag_rort,2017,1995
landtransportforetag_rort,2018,1861
landtransportforetag_rort,2019,1810
landtransportforetag_rort,2020,1669
landtransportforetag_rort,2021,1722
landtransportforetag_rort,2022,1813
landtransportforetag_rort,2023,
livsmedel_dryck_tob,2000,
livsmedel_dryck_tob,2001,
livsmedel_dryck_tob,2002,
livsmedel_dryck_tob,2003,
livsmedel_dryck_tob,2004,
livsmedel_dryck_tob,2005,
livsmedel_dryck_tob,2006,
livsmedel_dryck_tob,2007,
livsmedel_dryck_tob,2008,866
livsmedel_dryck_tob,2009,886
livsmedel_dryck_tob,2010,859
livsmedel_dryck_tob,2011,853
livsmedel_dryck_tob,2012,826
livsmedel_dryck_tob,2013,782
livsmedel_dryck_tob,2014,757
livsmedel_dryck_tob,2015,694
livsmedel_dryck_tob,2016,715
livsmedel_dryck_tob,2017,682
livsmedel_dryck_tob,2018,649
livsmedel_dryck_tob,2019,629
livsmedel_dryck_tob,2020,617
livsmedel_dryck_tob,2021,558
livsmedel_dryck_tob,2022,537
livsmedel_dryck_tob,2023,
magasinering,2000,
magasinering,2001,
magasinering,2002,
magasinering,2003,
magasinering,2004,
magasinering,2005,
magasinering,2006,
magasinering,2007,
magasinering,2008,703
magasinering,2009,743
magasinering,2010,700
magasinering,2011,701
magasinering,2012,652
magasinering,2013,634
magasinering,2014,633
magasinering,2015,644
magasinering,2016,580
magasinering,2017,569
magasinering,2018,546
magasinering,2019,574
magasinering,2020,566
magasinering,2021,602
magasinering,2022,561
magasinering,2023,
massa_papp,2000,
massa_papp,2001,
massa_papp,2002,
massa_papp,2003,
massa_papp,2004,
massa_papp,2005,
massa_papp,2006,
massa_papp,2007,
massa_papp,2008,1869
massa_papp,2009,1566
massa_papp,2010,1640
massa_papp,2011,1499
massa_papp,2012,1392
massa_papp,2013,1152
massa_papp,2014,994
massa_papp,2015,927
massa_papp,2016,1063
massa_papp,2017,1044
massa_papp,2018,1106
massa_papp,2019,1053
massa_papp,2020,987
massa_papp,2021,1020
massa_papp,2022,932
massa_papp,2023,
nationell_tota_exk,2000,
nationell_tota_exk,2001,
nationell_tota_exk,2002,
nationell_tota_exk,2003,
nationell_tota_exk,2004,
nationell_tota_exk,2005,
nationell_tota_exk,2006,
nationell_tota_exk,2007,
nationell_tota_exk,2008,62406.1
nationell_tota_exk,2009,58174.2
nationell_tota_exk,2010,64156.9
nationell_tota_exk,2011,59800.4
nationell_tota_exk,2012,56899.5
nationell_tota_exk,2013,55273.9
nationell_tota_exk,2014,53519.1
nationell_tota_exk,2015,53339.5
nationell_tota_exk,2016,53243.3
nationell_tota_exk,2017,52318.2
nationell_tota_exk,2018,51563
nationell_tota_exk,2019,50201.2
nationell_tota_exk,2020,45999.6
nationell_tota_exk,2021,47723.1
nationell_tota_exk,2022,45249.3
nationell_tota_exk,2023,
nationell_total,2000,
nationell_total,2001,
nationell_total,2002,
nationell_total,2003,
nationell_total,2004,
nationell_total,2005,
nationell_total,2006,
nationell_total,2007,
nationell_total,2008,71772.4
nationell_total,2009,67620.1
nationell_total,2010,73222.6
nationell_total,2011,67920.3
nationell_total,2012,64661.7
nationell_total,2013,62783.8
nationell_total,2014,61495.7
nationell_total,2015,61372.3
nationell_total,2016,62208
nationell_total,2017,62501.3
nationell_total,2018,60115.9
nationell_total,2019,59872.8
nationell_total,2020,55246.9
nationell_total,2021,56205.6
nationell_total,2022,54120.1
nationell_total,2023,
nationell_tota_ink,2000,
nationell_tota_ink,2001,
nationell_tota_ink,2002,
nationell_tota_ink,2003,
nationell_tota_ink,2004,
nationell_tota_ink,2005,
nationell_tota_ink,2006,
nationell_tota_ink,2007,
nationell_tota_ink,2008,17140.3
nationell_tota_ink,2009,14025.7
nationell_tota_ink,2010,16409
nationell_tota_ink,2011,12019.3
nationell_tota_ink,2012,9110.5
nationell_tota_ink,2013,6172
nationell_tota_ink,2014,6509.2
nationell_tota_ink,2015,9031
nationell_tota_ink,2016,10935
nationell_tota_ink,2017,17798.2
nationell_tota_ink,2018,21505.9
nationell_tota_ink,2019,19359.5
nationell_tota_ink,2020,12204.2
nationell_tota_ink,2021,12614.6
nationell_tota_ink,2022,12902.5
nationell_tota_ink,2023,
offentlig_sekt,2000,
offentlig_sekt,2001,
offentlig_sekt,2002,
offentlig_sekt,2003,
offentlig_sekt,2004,
offentlig_sekt,2005,
offentlig_sekt,2006,
offentlig_sekt,2007,
offentlig_sekt,2008,587
offentlig_sekt,2009,556
offentlig_sekt,2010,574
offentlig_sekt,2011,512
offentlig_sekt,2012,522
offentlig_sekt,2013,456
offentlig_sekt,2014,427
offentlig_sekt,2015,421
offentlig_sekt,2016,412
offentlig_sekt,2017,395
offentlig_sekt,2018,385
offentlig_sekt,2019,413
offentlig_sekt,2020,398
offentlig_sekt,2021,393
offentlig_sekt,2022,367
offentlig_sekt,2023,
privat_kons,2000,
privat_kons,2001,
privat_kons,2002,
privat_kons,2003,
privat_kons,2004,
privat_kons,2005,
privat_kons,2006,
privat_kons,2007,
privat_kons,2008,11425
privat_kons,2009,11381
privat_kons,2010,11173
privat_kons,2011,10432
privat_kons,2012,10041
privat_kons,2013,9948
privat_kons,2014,9850
privat_kons,2015,9998
privat_kons,2016,9738
privat_kons,2017,9583
privat_kons,2018,9212
privat_kons,2019,8922
privat_kons,2020,8329
privat_kons,2021,8343
privat_kons,2022,7448
privat_kons,2023,
rederier,2000,
rederier,2001,
rederier,2002,
rederier,2003,
rederier,2004,
rederier,2005,
rederier,2006,
rederier,2007,
rederier,2008,4333
rederier,2009,3787
rederier,2010,3818
rederier,2011,2479
rederier,2012,1840
rederier,2013,2243
rederier,2014,2367
rederier,2015,3097
rederier,2016,3713
rederier,2017,3198
rederier,2018,3379
rederier,2019,3386
rederier,2020,2817
rederier,2021,2857
rederier,2022,3081
rederier,2023,
reklam_und,2000,
reklam_und,2001,
reklam_und,2002,
reklam_und,2003,
reklam_und,2004,
reklam_und,2005,
reklam_und,2006,
reklam_und,2007,
reklam_und,2008,91
reklam_und,2009,91
reklam_und,2010,88
reklam_und,2011,89
reklam_und,2012,82
reklam_und,2013,78
reklam_und,2014,76
reklam_und,2015,76
reklam_und,2016,72
reklam_und,2017,69
reklam_und,2018,67
reklam_und,2019,65
reklam_und,2020,60
reklam_und,2021,58
reklam_und,2022,50
reklam_und,2023,
reparationsverkstader,2000,
reparationsverkstader,2001,
reparationsverkstader,2002,
reparationsverkstader,2003,
reparationsverkstader,2004,
reparationsverkstader,2005,
reparationsverkstader,2006,
reparationsverkstader,2007,
reparationsverkstader,2008,76
reparationsverkstader,2009,74
reparationsverkstader,2010,81
reparationsverkstader,2011,80
reparationsverkstader,2012,82
reparationsverkstader,2013,81
reparationsverkstader,2014,76
reparationsverkstader,2015,72
reparationsverkstader,2016,75
reparationsverkstader,2017,72
reparationsverkstader,2018,71
reparationsverkstader,2019,69
reparationsverkstader,2020,71
reparationsverkstader,2021,72
reparationsverkstader,2022,67
reparationsverkstader,2023,
serviceforetag_fin,2000,
serviceforetag_fin,2001,
serviceforetag_fin,2002,
serviceforetag_fin,2003,
serviceforetag_fin,2004,
serviceforetag_fin,2005,
serviceforetag_fin,2006,
serviceforetag_fin,2007,
serviceforetag_fin,2008,19
serviceforetag_fin,2009,28
serviceforetag_fin,2010,12
serviceforetag_fin,2011,10
serviceforetag_fin,2012,9
serviceforetag_fin,2013,9
serviceforetag_fin,2014,9
serviceforetag_fin,2015,9
serviceforetag_fin,2016,8
serviceforetag_fin,2017,8
serviceforetag_fin,2018,7
serviceforetag_fin,2019,7
serviceforetag_fin,2020,6
serviceforetag_fin,2021,6
serviceforetag_fin,2022,5
serviceforetag_fin,2023,
skogsbruksforetag,2000,
skogsbruksforetag,2001,
skogsbruksforetag,2002,
skogsbruksforetag,2003,
skogsbruksforetag,2004,
skogsbruksforetag,2005,
skogsbruksforetag,2006,
skogsbruksforetag,2007,
skogsbruksforetag,2008,1053
skogsbruksforetag,2009,1032
skogsbruksforetag,2010,1051
skogsbruksforetag,2011,1103
skogsbruksforetag,2012,1058
skogsbruksforetag,2013,996
skogsbruksforetag,2014,971
skogsbruksforetag,2015,961
skogsbruksforetag,2016,891
skogsbruksforetag,2017,863
skogsbruksforetag,2018,809
skogsbruksforetag,2019,831
skogsbruksforetag,2020,804
skogsbruksforetag,2021,791
skogsbruksforetag,2022,679
skogsbruksforetag,2023,
metaller,2000,
metaller,2001,
metaller,2002,
metaller,2003,
metaller,2004,
metaller,2005,
metaller,2006,
metaller,2007,
metaller,2008,5956
metaller,2009,3389
metaller,2010,5675
metaller,2011,5301
metaller,2012,4490
metaller,2013,4564
metaller,2014,4637
metaller,2015,4867
metaller,2016,4864
metaller,2017,4674
metaller,2018,4470
metaller,2019,5676
metaller,2020,4429
metaller,2021,4793
metaller,2022,5002
metaller,2023,
telekommunikation_j,2000,
telekommunikation_j,2001,
telekommunikation_j,2002,
telekommunikation_j,2003,
telekommunikation_j,2004,
telekommunikation_j,2005,
telekommunikation_j,2006,
telekommunikation_j,2007,
telekommunikation_j,2008,40
telekommunikation_j,2009,34
telekommunikation_j,2010,32
telekommunikation_j,2011,33
telekommunikation_j,2012,26
telekommunikation_j,2013,25
telekommunikation_j,2014,24
telekommunikation_j,2015,22
telekommunikation_j,2016,21
telekommunikation_j,2017,19
telekommunikation_j,2018,19
telekommunikation_j,2019,18
telekommunikation_j,2020,18
telekommunikation_j,2021,18
telekommunikation_j,2022,16
telekommunikation_j,2023,
industri_for_bas,2000,
industri_for_bas,2001,
industri_for_bas,2002,
industri_for_bas,2003,
industri_for_bas,2004,
industri_for_bas,2005,
industri_for_bas,2006,
industri_for_bas,2007,
industri_for_bas,2008,1510
industri_for_bas,2009,1373
industri_for_bas,2010,1617
industri_for_bas,2011,1317
industri_for_bas,2012,1315
industri_for_bas,2013,1319
industri_for_bas,2014,1241
industri_for_bas,2015,1215
industri_for_bas,2016,1270
industri_for_bas,2017,1261
industri_for_bas,2018,1256
industri_for_bas,2019,1227
industri_for_bas,2020,915
industri_for_bas,2021,1310
industri_for_bas,2022,1105
industri_for_bas,2023,
tillverkning_mob,2000,
tillverkning_mob,2001,
tillverkning_mob,2002,
tillverkning_mob,2003,
tillverkning_mob,2004,
tillverkning_mob,2005,
tillverkning_mob,2006,
tillverkning_mob,2007,
tillverkning_mob,2008,75
tillverkning_mob,2009,63
tillverkning_mob,2010,69
tillverkning_mob,2011,65
tillverkning_mob,2012,62
tillverkning_mob,2013,63
tillverkning_mob,2014,57
tillverkning_mob,2015,51
tillverkning_mob,2016,48
tillverkning_mob,2017,45
tillverkning_mob,2018,40
tillverkning_mob,2019,41
tillverkning_mob,2020,37
tillverkning_mob,2021,43
tillverkning_mob,2022,32
tillverkning_mob,2023,
tillverkning_avt,2000,
tillverkning_avt,2001,
tillverkning_avt,2002,
tillverkning_avt,2003,
tillverkning_avt,2004,
tillverkning_avt,2005,
tillverkning_avt,2006,
tillverkning_avt,2007,
tillverkning_avt,2008,54
tillverkning_avt,2009,49
tillverkning_avt,2010,50
tillverkning_avt,2011,45
tillverkning_avt,2012,42
tillverkning_avt,2013,39
tillverkning_avt,2014,34
tillverkning_avt,2015,30
tillverkning_avt,2016,29
tillverkning_avt,2017,26
tillverkning_avt,2018,21
tillverkning_avt,2019,21
tillverkning_avt,2020,19
tillverkning_avt,2021,18
tillverkning_avt,2022,20
tillverkning_avt,2023,
totalt_tota,2000,
totalt_tota,2001,
totalt_tota,2002,
totalt_tota,2003,
totalt_tota,2004,
totalt_tota,2005,
totalt_tota,2006,
totalt_tota,2007,
totalt_tota,2008,67715
totalt_tota,2009,62276
totalt_tota,2010,68396
totalt_tota,2011,63036
totalt_tota,2012,59481
totalt_tota,2013,58074
totalt_tota,2014,56567
totalt_tota,2015,57084
totalt_tota,2016,58027
totalt_tota,2017,56509
totalt_tota,2018,55632
totalt_tota,2019,54185
totalt_tota,2020,48614
totalt_tota,2021,50748
totalt_tota,2022,49273
totalt_tota,2023,
utbildning,2000,
utbildning,2001,
utbildning,2002,
utbildning,2003,
utbildning,2004,
utbildning,2005,
utbildning,2006,
utbildning,2007,
utbildning,2008,71
utbildning,2009,72
utbildning,2010,74
utbildning,2011,72
utbildning,2012,68
utbildning,2013,68
utbildning,2014,67
utbildning,2015,67
utbildning,2016,63
utbildning,2017,61
utbildning,2018,61
utbildning,2019,61
utbildning,2020,57
utbildning,2021,56
utbildning,2022,50
utbildning,2023,
uthyrningsfirmor,2000,
uthyrningsfirmor,2001,
uthyrningsfirmor,2002,
uthyrningsfirmor,2003,
uthyrningsfirmor,2004,
uthyrningsfirmor,2005,
uthyrningsfirmor,2006,
uthyrningsfirmor,2007,
uthyrningsfirmor,2008,215
uthyrningsfirmor,2009,237
uthyrningsfirmor,2010,261
uthyrningsfirmor,2011,267
uthyrningsfirmor,2012,256
uthyrningsfirmor,2013,287
uthyrningsfirmor,2014,235
uthyrningsfirmor,2015,246
uthyrningsfirmor,2016,247
uthyrningsfirmor,2017,240
uthyrningsfirmor,2018,257
uthyrningsfirmor,2019,266
uthyrningsfirmor,2020,245
uthyrningsfirmor,2021,255
uthyrningsfirmor,2022,242
uthyrningsfirmor,2023,
utvinning_min,2000,
utvinning_min,2001,
utvinning_min,2002,
utvinning_min,2003,
utvinning_min,2004,
utvinning_min,2005,
utvinning_min,2006,
utvinning_min,2007,
utvinning_min,2008,776
utvinning_min,2009,641
utvinning_min,2010,877
utvinning_min,2011,885
utvinning_min,2012,912
utvinning_min,2013,897
utvinning_min,2014,940
utvinning_min,2015,918
utvinning_min,2016,916
utvinning_min,2017,929
utvinning_min,2018,882
utvinning_min,2019,894
utvinning_min,2020,905
utvinning_min,2021,882
utvinning_min,2022,821
utvinning_min,2023,
vattenforsorjning_e,2000,
vattenforsorjning_e,2001,
vattenforsorjning_e,2002,
vattenforsorjning_e,2003,
vattenforsorjning_e,2004,
vattenforsorjning_e,2005,
vattenforsorjning_e,2006,
vattenforsorjning_e,2007,
vattenforsorjning_e,2008,15
vattenforsorjning_e,2009,15
vattenforsorjning_e,2010,17
vattenforsorjning_e,2011,18
vattenforsorjning_e,2012,19
vattenforsorjning_e,2013,20
vattenforsorjning_e,2014,22
vattenforsorjning_e,2015,22
vattenforsorjning_e,2016,20
vattenforsorjning_e,2017,19
vattenforsorjning_e,2018,18
vattenforsorjning_e,2019,20
vattenforsorjning_e,2020,21
vattenforsorjning_e,2021,21
vattenforsorjning_e,2022,18
vattenforsorjning_e,2023,
vard,2000,
vard,2001,
vard,2002,
vard,2003,
vard,2004,
vard,2005,
vard,2006,
vard,2007,
vard,2008,29
vard,2009,30
vard,2010,32
vard,2011,33
vard,2012,32
vard,2013,32
vard,2014,32
vard,2015,34
vard,2016,34
vard,2017,33
vard,2018,31
vard,2019,29
vard,2020,27
vard,2021,27
vard,2022,23
vard,2023,
ovrig_mask,2000,
ovrig_mask,2001,
ovrig_mask,2002,
ovrig_mask,2003,
ovrig_mask,2004,
ovrig_mask,2005,
ovrig_mask,2006,
ovrig_mask,2007,
ovrig_mask,2008,196
ovrig_mask,2009,151
ovrig_mask,2010,163
ovrig_mask,2011,139
ovrig_mask,2012,136
ovrig_mask,2013,131
ovrig_mask,2014,139
ovrig_mask,2015,143
ovrig_mask,2016,147
ovrig_mask,2017,142
ovrig_mask,2018,133
ovrig_mask,2019,120
ovrig_mask,2020,103
ovrig_mask,2021,117
ovrig_mask,2022,107
ovrig_mask,2023,
